Year (พ.ศ.),Year (ค.ศ.),Month,No.,Chilled/Frozen Fresh Shrimp Quantity (Tons),Chilled/Frozen Fresh Shrimp Value (Million Baht),Dried Shrimp Quantity (Tons),Dried Shrimp Value (Million Baht),Boiled or Steamed Shrimp Quantity (Tons),Boiled or Steamed Shrimp Value (Million Baht),Shrimp in Airtight Containers Quantity (Tons),Shrimp in Airtight Containers Value (Million Baht),Preserved or Processed Shrimp Quantity (Tons),Preserved or Processed Shrimp Value (Million Baht),Shrimp Quantity (Tons),Shrimp Value (Million Baht),Chilled/Frozen Fresh Squid Quantity (Tons),Chilled/Frozen Fresh Squid Value (Million Baht),Dried Squid Quantity (Tons),Dried Squid Value (Million Baht),Processed or Preserved Squid Quantity (Tons),Processed or Preserved Squid Value (Million Baht),Smoked squid Quantity (Tons),Smoked squid Value (Million Baht),Squid Quantity (Tons),Squid Value (Million Baht),Chilled/Frozen Fresh Fish (including liver and roe) Quantity (Tons),Chilled/Frozen Fresh Fish (including liver and roe) Value (Million Baht),Chilled/Frozen Fish Fillets Quantity (Tons),Chilled/Frozen Fish Fillets Value (Million Baht),Dried Fish Quantity (Tons),Dried Fish Value (Million Baht),Live Fish and Fish Breeding Stock Quantity (Tons),Live Fish and Fish Breeding Stock Value (Million Baht),Fish Quantity (Tons),Fish Value (Million Baht),Canned Tuna Quantity (Tons),Canned Tuna Value (Million Baht),Canned Sardines Quantity (Tons),Canned Sardines Value (Million Baht),Other Canned Fish Quantity (Tons),Other Canned Fish Value (Million Baht),Canned Crab Quantity (Tons),Canned Crab Value (Million Baht),Other Canned Seafood Quantity (Tons),Other Canned Seafood Value (Million Baht),Canned Products Quantity (Tons),Canned Products Value (Million Baht),Canned Dog and Cat Food Quantity (Tons),Canned Dog and Cat Food Value (Million Baht),Processed Seafood Products Quantity (Tons),Processed Seafood Products Value (Million Baht),Processed Tuna Products Quantity (Tons),Processed Tuna Products Value (Million Baht),Preserved or Processed Crab Quantity (Tons),Preserved or Processed Crab Value (Million Baht),Other Processed Seafood Products Quantity (Tons),Other Processed Seafood Products Value (Million Baht),Other Fishery Products Quantity (Tons),Other Fishery Products Value (Million Baht),Grand Total Quantity (Tons),Grand Total Value (Million Baht),Price baht to usd
2550,2007,1,1,12141.5,2814.59,10.35,3.88,147.38,41.1,496.96,140.57,9348.95,2328.54,22145.14,5328.68,7386.58,1106.4,36.65,16.95,363.9,72.4,,,7787.12,1195.76,19064.75,428.97,9020.35,866.67,7109.68,238.29,476.65,81.58,35671.42,1615.5,34496.45,3241.92,2964.76,159.63,2694.66,238.43,367.33,109.45,3010.32,274.37,43533.51,4023.8,7867.26,577.29,7118.6,813.87,1834.45,231.17,535.47,128.19,17355.78,1750.52,13239.44,648.39,139732.41,14562.65,34.75
2550,2007,2,2,11736.38,2719.69,9.04,3.22,108.92,27.34,1995.87,422.75,7492.45,1963.49,21342.65,5136.5,6362.72,1842.42,98.47,21.67,511.9,94.36,,,6973.09,1958.45,18897.76,543.28,9003.14,915.88,6474.88,183.04,425.13,74.72,34800.91,1716.91,34925.5,3383.22,2146.27,113.36,2426.48,189.67,328.97,126.16,3079.64,290.41,42906.86,4102.82,6872.51,494.94,6862.88,748.21,1638.31,152.22,1105.36,218.06,16479.06,1613.42,16300.71,767.08,138803.28,15295.19,34.025
2550,2007,3,3,13649.2,3165.94,2.65,1.46,168.35,41.88,2119.86,402.38,8835.4,2282.73,24775.45,5894.39,8993.1,1447.28,181.46,42.39,416.91,69.25,,,9591.47,1558.93,31049.16,765.01,9523.54,983.7,7597.14,250.16,383.55,73.4,48553.38,2072.26,39740.51,3800.88,3338.28,195.56,2528.25,242.62,444.4,172.33,4197.03,439.55,50248.47,4850.95,7409.54,516.18,8003.56,1137.62,2856.85,287.71,1492.3,257.97,19762.25,2199.48,27202.7,1235.33,180133.73,17811.33,32.325
2550,2007,4,4,11357.38,2502.17,12.92,3.45,118.88,30.3,1631.22,349.46,6160.63,1564.43,19281.02,4449.8,7390.52,1139.41,213.71,52.37,310.95,57.72,,,7915.17,1249.49,24824.28,689.17,7949.19,832.5,5677.12,207.82,357.58,73.94,38808.16,1803.44,35382.39,3333.31,2242.11,134.76,3530.12,303.91,573.54,181.17,3463.69,387.53,45191.84,4340.68,5489.78,369.47,6000.36,694.59,2565.35,228.49,853.08,161.39,14908.57,1453.93,24279.39,1072.4,150384.15,14369.74,32.85
2550,2007,5,5,15300.42,3350.09,7.46,2.91,91.54,18.85,1208.23,267.38,7664.52,1874.73,24272.16,5513.95,8140.91,1245.57,283.12,61.97,403.44,77.81,,,8827.47,1385.35,28664.16,688.73,8702.74,922.64,4142.69,155.54,428.18,72.35,41937.76,1839.26,42214.44,3962.26,3098.82,169.26,5997.06,533.9,554.61,153.83,4240.63,451.07,56105.56,5270.31,6360.91,428.53,6490.53,730.79,3392.78,332.38,751.83,206.93,16996.06,1698.63,34235.45,1340.37,182374.46,17047.87,32.9
2550,2007,6,6,19462.84,4045.96,9.9,2.56,113.01,20.95,1663.52,379.91,9038.48,2153.24,30287.74,6602.62,9512.8,1415.8,93.59,32.66,409.28,77.02,,,10015.68,1525.47,28715.46,608.38,8802.84,835.45,5322.85,197.88,331.95,74.46,43173.09,1716.16,34393.75,3358.44,4027.32,221.92,3923.22,321.06,413.44,143.55,3717.72,346.98,46475.44,4391.95,7164.82,498.46,6384.49,701.48,1133.13,87.83,1409.3,310.7,16091.74,1598.47,22323.72,982.9,168367.4,16817.58,31.7
2550,2007,7,7,21653.59,4474.29,3.4,0.61,34.08,12.99,2776.59,634.03,10750.27,2602.47,35217.92,7724.39,6609.19,1009.06,44.76,17.39,172.38,34.95,,,6826.33,1061.4,24866.9,560.65,9375.19,904.55,5665.09,181.71,311.3,71.91,40218.48,1718.81,29378.03,2943.39,3042.58,171.28,3587.98,303.82,329.89,113.64,3892.19,310.66,40230.67,3842.8,6572.98,491.86,5450.87,583.88,925.29,124.33,403.47,163.69,13352.6,1363.76,16995.84,800.33,152841.85,16511.49,29.95
2550,2007,8,8,22201.86,4603.9,9.62,2.67,168.49,40.2,3025.32,702.66,13974.98,3338.51,39380.27,8687.93,7040.15,1053.46,25.31,12.45,183.63,41.62,,,7249.09,1107.53,24201.85,559.84,11546.57,1076.59,6657.6,218.53,313.56,63.63,42719.58,1918.6,35860.63,3626.45,4213.53,224.43,3399.09,311.68,363.45,125.16,4263.41,348.09,48100.1,4635.81,6432.76,457.39,6394.31,730.35,922.0,125.18,230.97,125.24,13980.04,1438.16,18459.73,843.66,169888.81,18631.69,32.535
2550,2007,9,9,19646.25,4325.86,8.51,2.58,55.08,16.94,3182.33,711.18,14433.05,3708.84,37325.21,8765.41,6312.31,1022.49,65.04,28.28,155.54,43.62,,,6532.88,1094.39,22727.79,576.52,9802.2,990.23,5398.8,159.31,398.31,71.1,38327.09,1797.16,35850.48,3864.03,4963.52,270.71,3660.41,307.94,359.26,158.55,4143.61,369.8,48977.27,4971.03,7195.87,516.09,6592.17,710.43,142.33,25.04,306.81,159.04,14237.18,1410.6,18162.26,692.12,163561.9,18730.71,31.9
2550,2007,10,10,18040.63,3922.19,12.15,3.73,55.57,17.57,3056.82,715.16,15386.03,3932.31,36551.19,8590.96,7482.44,1122.56,39.94,25.1,286.45,68.97,,,7808.83,1216.63,27153.56,664.13,11392.44,1022.23,6069.57,206.81,331.31,65.65,44946.88,1958.82,38691.89,4275.62,6116.06,354.38,3207.09,312.06,380.09,130.0,4309.29,351.14,52704.42,5423.2,8236.1,585.37,6502.71,748.05,449.9,70.39,243.72,117.06,15432.44,1520.87,15648.13,809.03,173091.89,19519.5,31.675
2550,2007,11,11,17012.48,3728.35,8.13,2.54,30.45,10.18,2726.97,595.92,13484.97,3373.47,33262.99,7710.45,6798.67,1070.98,69.58,46.2,241.32,51.06,,,7109.57,1168.23,30008.88,697.48,11514.32,1099.96,7458.02,213.72,427.58,73.27,49408.8,2084.43,48157.63,5495.19,6023.01,345.67,4252.15,369.28,344.75,124.8,3923.7,310.63,62701.23,6645.58,8616.16,575.38,6388.34,696.94,171.27,29.07,288.61,139.21,15464.37,1440.6,13790.83,773.18,181737.79,19822.48,30.7
2550,2007,12,12,14249.6,2972.1,22.83,4.66,17.85,7.79,1665.66,366.85,9889.69,2492.46,25845.64,5843.86,6441.54,928.24,36.53,22.06,254.78,49.23,,,6732.84,999.53,34126.49,825.61,9513.39,982.79,4581.39,136.6,646.02,89.54,48867.3,2034.53,42002.67,4787.96,5671.93,323.64,3797.62,341.16,350.18,132.77,2897.77,226.35,54720.17,5811.87,7101.55,522.92,5487.45,591.6,514.93,84.57,154.08,66.12,13258.01,1265.21,14842.92,791.46,164266.87,16746.47,30.05
2551,2008,1,13,12005.29,2514.84,4.92,1.87,41.27,14.72,1935.17,381.22,8842.2,2230.36,22828.85,5143.01,6347.43,941.9,49.52,21.25,171.58,39.99,,,6568.53,1003.15,34047.97,818.33,9715.86,1031.82,5364.15,141.63,637.62,96.57,49765.6,2088.35,41185.35,4781.54,6281.76,371.61,3361.36,304.76,338.6,97.1,3670.4,306.1,54837.47,5861.11,8339.02,574.56,5122.58,549.39,207.67,35.63,168.35,76.52,13837.61,1236.1,14308.21,725.36,162146.26,16057.08,31.3
2551,2008,2,14,10904.52,2234.23,9.9,5.4,13.32,6.15,1454.46,322.57,9073.97,2269.93,21456.16,4838.29,6560.43,954.04,4.82,2.38,186.21,41.47,,,6751.45,997.9,27003.58,705.08,8912.99,1041.98,4037.28,131.99,629.31,85.62,40583.16,1964.67,37480.67,4362.06,6070.26,358.63,4266.47,350.55,334.21,112.99,3448.74,284.38,51600.35,5468.61,8530.32,600.24,5183.26,531.27,234.72,38.28,96.36,45.37,14044.67,1215.15,16447.34,792.55,150883.13,15277.18,31.075
2551,2008,3,15,12930.7,2667.45,18.53,5.04,93.19,9.93,1326.17,280.18,9720.27,2365.51,24088.85,5328.11,7062.83,1068.92,22.77,10.23,269.46,56.61,,,7355.05,1135.77,26574.29,676.14,10268.41,1249.49,5370.11,178.88,677.09,106.88,42889.9,2211.38,43850.46,5006.8,6310.51,379.24,4292.66,365.67,338.52,106.67,3477.7,281.63,58269.86,6140.01,8116.28,571.13,5539.87,620.61,278.0,46.75,123.27,54.99,14057.42,1293.49,17242.36,882.78,163903.44,16991.54,31.47
2551,2008,4,16,11634.29,2325.45,6.05,2.05,46.98,8.31,1343.09,277.24,12410.01,2740.75,25440.41,5353.8,6827.68,1040.44,19.17,12.63,265.24,50.91,,,7112.09,1103.98,25485.89,739.19,9692.4,1275.86,4730.01,168.73,591.79,92.16,40500.08,2275.94,40017.43,4678.82,5565.42,315.48,3344.52,298.18,424.23,116.27,3344.61,285.75,52696.2,5694.5,6674.78,480.99,5249.46,629.68,361.34,60.9,79.36,34.94,12364.94,1206.5,14761.57,801.5,152875.3,16436.21,31.655
2551,2008,5,17,15404.2,3129.51,5.78,2.6,43.44,8.07,1012.93,217.23,9492.19,2282.19,25958.54,5639.6,7314.7,1379.13,49.24,12.6,259.76,57.64,,,7623.7,1449.37,22666.9,606.7,10418.26,1403.57,3215.98,132.93,559.96,90.5,36861.09,2233.7,47769.47,5610.1,5707.95,339.46,3765.39,375.37,265.7,89.69,4177.97,356.14,61686.47,6770.77,7639.78,566.91,4925.98,639.58,593.2,92.55,156.34,69.05,13315.3,1368.09,14216.97,818.2,159662.06,18279.72,32.489
2551,2008,6,18,17443.49,3646.86,18.53,7.81,95.95,11.59,1032.46,220.02,8777.45,2120.29,27367.88,6006.57,6693.48,1078.99,30.89,17.03,343.97,70.7,,,7068.35,1166.72,23659.92,655.49,8375.94,1191.27,6466.52,230.66,363.63,61.15,38866.0,2138.58,46035.61,5547.7,5335.69,317.31,4924.93,462.45,318.36,114.23,3671.12,323.48,60285.71,6765.16,7107.88,578.27,4707.98,586.69,501.01,80.86,192.73,84.58,12509.6,1330.4,12749.32,807.94,158846.85,18215.37,33.43
2551,2008,7,19,22508.26,4920.86,5.62,2.44,60.4,5.95,1363.02,323.21,11041.8,2957.31,34979.09,8209.77,7393.04,1193.91,45.3,24.54,339.41,75.99,,,7777.74,1294.43,25000.93,672.29,9507.9,1420.02,5021.68,188.29,402.92,62.57,39933.43,2343.17,45438.94,5966.83,4978.25,323.91,4274.62,407.87,455.53,198.49,3703.22,364.27,58850.55,7261.38,7252.01,514.49,4404.15,575.48,808.38,148.36,156.66,80.82,12621.19,1319.15,14269.6,907.91,168431.6,21335.82,33.52
2551,2008,8,20,22699.9,5051.26,6.0,2.28,115.54,6.18,1847.43,410.35,12642.87,3391.99,37311.75,8862.05,5485.67,924.07,32.47,17.9,237.52,57.93,,,5755.65,999.89,22216.03,731.09,8657.14,1318.64,5756.17,201.85,321.83,58.63,36951.18,2310.21,43885.13,5884.4,4385.59,282.36,3455.2,389.75,390.21,171.33,3721.77,387.09,55837.88,7114.93,6995.88,592.14,4764.58,647.21,532.4,97.95,171.09,99.26,12463.94,1436.56,13599.91,823.28,161920.32,21546.91,34.225
2551,2008,9,21,21164.8,4797.15,14.26,5.64,67.58,13.3,1826.36,455.27,13367.96,3711.49,36440.96,8982.84,6052.51,1007.44,32.16,18.15,372.37,79.25,,,6457.04,1104.83,19792.1,678.26,7011.87,1058.53,4293.44,165.67,468.66,67.19,31566.07,1969.65,40070.02,5606.39,5200.83,346.06,4001.56,390.96,471.37,254.47,3494.54,362.94,53238.32,6960.83,7304.32,637.97,4859.92,670.26,419.57,80.5,235.39,107.46,12819.19,1496.19,13667.35,789.95,154188.93,21304.31,33.855
2551,2008,10,22,20235.15,4637.64,23.51,12.16,50.64,8.99,1840.57,481.44,15842.43,4445.48,37992.3,9585.71,6985.14,1079.72,51.16,20.26,385.38,78.76,,,7421.68,1178.73,26758.12,914.88,8548.06,1255.59,6551.63,225.85,347.1,61.9,42204.9,2458.22,43380.41,6085.49,7157.73,494.95,4924.55,465.05,383.53,179.54,3742.74,384.1,59588.96,7609.13,7555.56,646.8,5299.94,717.95,2856.59,524.93,146.9,61.82,15858.98,1951.49,13645.06,864.28,176711.87,23647.56,35.05
2551,2008,11,23,16134.38,3739.67,18.1,6.94,36.63,10.2,1616.94,391.95,13908.65,4071.34,31714.7,8220.1,6222.05,1014.58,38.16,26.25,280.7,63.8,,,6540.91,1104.63,23038.09,879.38,8230.2,1274.18,4899.7,158.53,291.77,50.68,36459.75,2362.77,33382.05,4696.63,6231.93,448.7,5234.21,520.85,345.87,210.23,2882.7,297.39,48076.75,6173.81,7585.59,699.27,4794.14,834.1,3061.35,531.7,259.07,120.01,15700.16,2185.09,11392.35,745.91,149884.62,20792.3,35.47
2551,2008,12,24,14229.18,3203.04,25.84,9.47,21.07,7.87,1743.81,410.33,12395.61,3434.84,28415.52,7065.55,5037.2,848.77,36.24,20.34,287.18,62.1,,,5360.62,931.21,25875.31,876.88,6682.64,946.5,6528.22,224.33,378.97,59.47,39465.14,2107.18,31990.5,4289.76,6582.2,476.47,3960.28,432.07,266.05,97.02,2712.86,301.92,45511.9,5597.24,7826.32,740.23,4688.15,659.44,1757.07,300.47,171.7,69.19,14443.25,1769.34,14406.01,863.12,147602.43,18333.65,34.785
2552,2009,1,25,10527.3,2352.08,8.75,3.34,194.17,25.48,1569.06,342.5,9233.43,2494.63,21532.7,5218.03,5148.99,750.36,39.9,15.64,183.06,37.22,,,5371.96,803.22,23608.46,754.74,5915.58,815.45,5530.85,176.37,444.94,60.81,35499.82,1807.37,30598.01,3625.95,5746.35,405.44,3649.97,415.43,227.79,97.24,2506.7,257.57,42728.81,4801.62,7370.07,665.19,3605.91,516.7,3497.75,456.46,190.44,63.73,14664.18,1702.08,12300.5,753.47,132097.97,15085.79,34.975
2552,2009,2,26,10826.22,2527.78,8.66,2.86,123.69,16.07,960.56,224.17,9117.43,2572.81,21036.56,5343.69,5964.64,865.86,15.05,8.69,216.93,51.56,,,6196.63,926.11,20339.62,685.48,7099.13,895.44,6373.06,217.98,397.08,61.24,34208.89,1860.14,32778.65,3594.73,6340.08,471.01,2961.27,338.12,236.91,95.9,2820.19,282.23,45137.09,4782.0,7613.44,695.57,3994.32,568.84,2536.29,272.73,135.09,58.44,14279.13,1595.58,11796.82,718.93,132655.12,15226.44,36.19
2552,2009,3,27,11731.2,2784.57,8.66,2.93,42.09,10.96,1035.48,230.21,9578.41,2468.57,22395.84,5497.24,6539.79,896.52,19.32,9.81,214.16,53.96,,,6773.27,960.29,19928.45,618.48,9030.61,1014.67,4475.82,137.91,473.81,98.62,33908.69,1869.68,42760.94,4707.92,7640.05,552.09,3002.35,316.73,259.84,100.97,2655.12,268.76,56318.28,5946.47,7670.07,697.99,3900.31,557.86,3520.82,370.05,112.89,39.72,15204.09,1665.61,13600.33,898.51,148200.5,16837.8,35.495
2552,2009,4,28,13269.32,2993.32,21.41,5.99,20.17,3.95,1265.98,285.77,9701.9,2884.2,24278.77,6173.23,6364.85,914.01,31.44,18.15,246.12,50.6,,,6642.42,982.77,19252.15,547.45,9684.18,1137.58,3660.19,129.96,535.07,78.81,33131.59,1893.8,38506.38,4325.47,6841.07,477.96,3121.32,397.49,190.3,77.02,2985.24,293.32,51644.31,5571.26,6557.96,617.13,4151.65,640.42,2019.41,230.5,105.55,39.24,12834.56,1527.29,13957.19,846.75,142488.84,16995.1,35.28
2552,2009,5,29,17521.55,3907.75,18.26,8.08,8.32,4.1,1435.55,331.73,10742.05,2921.77,29725.74,7173.42,7389.52,1088.09,37.24,19.25,180.94,43.85,,,7607.7,1151.2,20271.57,602.88,10596.2,1196.86,4798.48,166.42,477.98,72.6,36144.23,2038.77,39240.25,4317.03,6666.39,491.13,3104.59,336.84,178.55,74.08,3557.86,352.72,52747.64,5571.8,6570.41,545.6,3976.96,594.39,2891.31,345.58,150.34,59.45,13589.02,1545.01,14986.83,907.73,154801.15,18387.93,34.31
2552,2009,6,30,19426.11,4241.61,17.78,5.06,13.81,4.37,1412.06,332.26,11371.51,3010.47,32241.27,7593.78,6750.95,1005.37,32.61,11.18,204.29,45.78,,,6987.85,1062.33,17081.19,496.63,10226.03,1127.21,5234.51,171.87,449.1,66.75,32990.83,1862.46,43814.8,4729.75,6640.42,472.83,3231.21,386.35,287.84,103.2,3221.72,292.19,57195.98,5984.32,6338.98,501.5,4286.35,588.38,3146.49,343.71,95.14,41.26,13866.96,1474.86,17615.01,968.08,160897.9,18945.83,34.06
2552,2009,7,31,23715.97,5176.37,37.32,10.71,9.18,4.1,1763.46,408.95,14039.1,3734.18,39565.02,9334.31,7195.78,1027.59,28.58,13.4,237.64,59.31,,,7462.01,1100.31,20601.39,664.1,9465.65,1048.78,5754.67,204.23,498.0,66.27,36319.72,1983.39,42495.44,4581.45,5141.14,345.59,3323.88,341.72,418.59,176.03,3691.01,337.92,55070.06,5782.7,6436.39,560.85,5171.82,701.54,2361.56,308.97,188.51,87.11,14158.28,1658.48,14645.3,863.71,167220.38,20722.89,34.025
2552,2009,8,32,22342.33,4761.22,23.44,5.45,21.75,4.56,1189.42,275.65,15293.39,4101.84,38870.33,9148.71,5590.16,853.28,36.91,16.91,185.01,42.81,,,5812.07,913.0,16246.92,524.58,7692.29,1024.48,5132.13,169.05,513.06,98.37,29584.39,1816.49,38895.59,4315.51,6034.98,398.92,3123.85,329.36,214.46,76.39,2839.41,263.93,51108.29,5384.11,6478.81,485.95,3687.07,545.78,2177.7,268.62,164.51,82.94,12508.08,1383.29,12130.46,838.56,150013.61,19484.17,34.02
2552,2009,9,33,22150.48,4860.95,15.1,2.05,15.68,7.19,1094.66,247.22,17523.07,4712.65,40798.99,9830.06,5752.18,876.25,40.91,23.65,249.22,58.77,,,6042.31,958.67,17531.86,550.7,8898.05,1116.24,3682.05,118.79,679.56,89.73,30791.51,1875.46,44887.24,4768.91,6104.77,446.08,3969.02,415.74,458.61,180.74,3247.98,304.3,58667.63,6115.77,6203.89,448.57,4241.05,594.06,2380.9,332.39,153.74,67.95,12979.58,1442.97,14415.79,876.38,163695.81,21099.3,33.44
2552,2009,10,34,24161.09,5147.76,17.34,4.18,44.16,12.28,1099.82,265.42,19283.8,5205.36,44606.2,10635.0,7034.73,1095.4,36.88,23.11,187.52,47.35,,,7259.12,1165.85,21370.55,645.3,8208.98,1004.61,3933.74,127.78,745.56,88.76,34258.82,1866.46,45018.92,4699.81,6603.94,475.29,3625.34,407.48,382.29,143.32,3596.19,330.73,59226.68,6056.64,6592.91,481.42,5329.57,795.79,4220.49,494.07,218.39,85.0,16361.35,1856.29,15105.73,889.37,176817.91,22469.6,33.455
2552,2009,11,35,17472.79,3741.09,21.46,4.14,56.15,10.46,1048.04,228.52,15524.18,4129.22,34122.61,8113.44,5353.69,869.92,48.98,30.28,265.29,53.63,,,5667.96,953.83,19519.3,638.08,8648.82,1174.18,6909.2,235.73,502.35,76.11,35579.67,2124.1,48256.43,4702.88,6319.28,462.13,3311.85,353.63,348.76,127.05,3055.39,273.2,61291.72,5918.88,6238.16,453.23,6069.92,793.73,6807.4,645.67,158.1,64.81,19273.58,1957.43,16961.27,914.91,172896.8,19982.6,33.235
2552,2009,12,36,17371.04,3663.7,33.36,5.41,137.19,13.86,1753.22,366.66,14158.95,3723.11,33453.75,7772.73,6174.59,944.34,45.17,25.58,335.63,62.03,,,6555.39,1031.95,23102.12,645.83,9441.02,1176.1,5050.45,173.52,620.61,87.46,38214.2,2082.91,47069.52,4494.0,6188.94,419.94,3034.69,317.34,190.41,80.25,3572.19,328.33,60055.75,5639.86,6448.76,444.99,6185.9,823.73,4608.31,495.58,154.61,63.35,17397.58,1827.65,17389.97,920.07,173066.65,19275.16,33.36
2553,2010,1,37,15594.0,3211.83,15.82,5.97,131.4,11.39,1048.74,231.14,11729.89,3110.7,28519.85,6571.03,5140.73,807.48,21.67,12.39,162.37,41.67,,,5324.77,861.54,22888.23,608.61,8225.9,1016.54,5051.45,157.68,742.69,90.54,36908.26,1873.36,41391.19,4013.85,5403.95,377.59,3546.49,353.17,326.42,128.01,3106.43,279.78,53774.47,5152.41,5966.15,428.43,5695.99,731.42,3893.05,421.73,124.26,35.79,15679.44,1617.37,17193.64,876.61,157400.42,16952.33,33.175
2553,2010,2,38,15653.91,3192.92,12.28,1.88,39.32,4.88,1253.76,269.55,10531.87,2727.51,27491.13,6196.75,5786.28,850.65,6.98,4.14,184.79,43.2,,,5978.05,897.98,16522.79,475.29,7675.57,1032.7,4201.97,146.51,851.11,89.28,29251.43,1743.78,43658.0,4160.23,6405.35,428.13,3853.23,338.66,266.12,102.7,2988.94,272.17,57171.63,5301.9,5935.52,449.96,5107.59,642.64,2430.29,275.82,90.55,33.73,13563.94,1402.15,19940.7,1073.59,153396.89,16616.15,33.055
2553,2010,3,39,18256.17,3890.04,7.88,2.09,87.92,8.34,1576.0,304.27,12487.05,3196.66,32415.01,7401.39,6491.21,1010.0,35.24,16.13,438.13,89.4,,,6964.59,1115.54,18481.36,500.7,8230.82,1064.07,4708.99,170.48,689.1,90.61,32110.27,1825.87,50030.29,4892.16,7988.09,545.31,5070.03,438.59,314.39,129.93,3327.34,288.01,66730.14,6294.01,5961.27,459.94,6191.81,757.34,4255.52,523.68,157.74,56.96,16566.35,1797.92,30003.38,1520.44,184789.74,19955.17,32.35
2553,2010,4,40,15120.6,3096.88,26.24,6.71,27.38,6.47,624.22,148.97,9571.25,2430.64,25369.68,5689.67,6425.77,1046.52,33.64,22.24,409.69,165.69,,,6869.1,1234.45,13486.65,374.9,7320.6,898.64,3718.35,145.88,500.17,60.57,25025.77,1479.99,41366.89,3883.79,4539.54,309.87,4119.5,362.29,221.59,83.53,2314.81,209.73,52562.33,4849.21,4881.71,348.13,5040.92,761.06,3406.02,365.07,89.04,27.11,13417.7,1501.36,24428.17,1243.62,147672.75,15998.3,32.345
2553,2010,5,41,20146.95,4003.44,38.13,7.93,16.3,7.83,998.19,232.84,11074.04,2827.3,32273.6,7079.34,6840.46,1001.68,39.66,24.6,487.81,88.57,,,7367.92,1114.85,18275.04,471.65,7730.84,987.79,4198.46,161.97,662.41,81.24,30866.75,1702.65,44707.31,4352.14,4703.2,338.09,3689.28,341.75,300.44,106.99,3108.0,280.25,56508.23,5419.22,6544.05,476.2,4822.91,702.71,3872.38,417.54,144.48,51.65,15383.82,1648.09,32895.07,1659.49,175295.38,18623.64,32.53
2553,2010,6,42,27311.94,5612.36,22.49,5.21,40.43,5.73,1260.93,280.59,13991.69,3521.13,42627.49,9425.01,6558.7,1000.12,25.09,17.35,388.72,81.64,,,6972.51,1099.11,20046.1,618.36,9311.5,1192.89,4920.7,180.73,723.42,84.67,35001.71,2076.65,54125.52,5553.88,5596.6,389.92,3487.43,331.7,413.88,155.48,3676.27,327.4,67299.7,6758.38,6490.41,491.07,6205.96,870.16,4246.89,519.87,136.63,60.8,17079.88,1941.9,30147.65,1489.16,199128.93,22790.23,32.415
2553,2010,7,43,23005.89,5229.13,22.9,5.34,108.22,7.85,1058.41,256.31,13755.3,3601.82,37950.71,9100.46,5188.95,849.04,24.65,16.2,399.88,76.52,,,5613.48,941.75,18250.47,519.38,7729.84,1074.6,5731.26,209.47,582.32,67.86,32293.88,1871.31,44176.89,4778.71,5331.37,363.14,3441.86,358.99,285.51,125.69,3513.68,330.21,56749.3,5956.74,5596.42,406.47,5043.85,692.41,3747.46,462.45,165.28,55.25,14553.01,1616.58,25707.46,1363.94,172867.84,20850.78,32.24
2553,2010,8,44,21975.68,5147.85,32.18,8.6,5.18,2.94,775.93,207.08,14378.58,3902.39,37167.55,9268.87,4129.66,755.27,12.54,9.61,325.67,57.48,,,4467.87,822.37,18504.98,548.98,7412.44,1000.05,6183.72,210.35,627.81,77.83,32728.95,1837.21,39665.68,4402.13,5563.05,363.72,2742.32,297.19,344.13,151.64,2906.99,280.26,51222.16,5494.94,5861.26,460.21,4486.53,619.41,3677.23,475.13,195.83,78.08,14220.86,1632.83,21809.6,1119.62,161616.98,20175.84,31.27
2553,2010,9,45,23257.35,5427.34,14.43,3.45,6.19,3.65,994.07,270.87,17490.65,4702.22,41762.67,10407.54,4870.89,860.73,34.91,28.57,426.17,88.12,,,5331.96,977.41,17624.02,510.6,7760.32,1024.17,5313.01,185.44,707.37,89.07,31404.71,1809.28,37027.71,4044.79,5484.71,374.2,3620.57,348.38,396.17,178.84,2892.25,264.17,49421.41,5210.39,5045.27,388.8,5626.35,742.37,4777.65,653.62,231.79,86.95,15681.05,1871.73,20529.66,1033.36,164131.47,21309.7,30.345
2553,2010,10,46,23181.95,5384.12,55.11,11.68,58.5,10.07,768.37,233.34,18877.47,5012.14,42941.41,10651.34,5730.68,1021.43,74.45,64.65,559.46,102.84,,,6364.58,1188.91,18596.42,627.1,8837.18,1106.61,5128.78,173.37,3021.6,89.44,35583.98,1996.52,38725.16,3818.78,6466.3,388.36,3787.1,366.82,403.17,192.96,3312.83,295.35,52694.56,5062.27,6232.13,478.97,5288.98,733.49,6269.34,730.01,198.4,67.15,17988.84,2009.61,18365.2,1013.57,173938.56,21922.23,29.94
2553,2010,11,47,19659.04,4511.74,30.54,6.96,49.92,12.7,722.89,226.19,16037.43,4225.23,36499.82,8982.82,5367.21,914.6,57.04,51.76,427.57,73.3,,,5851.82,1039.65,21677.36,710.83,8118.78,1064.57,7519.31,229.36,653.64,78.11,37969.08,2082.86,52727.08,4866.77,6243.9,391.63,3800.48,380.62,330.56,138.69,2776.47,242.26,65878.49,6019.97,6218.06,470.02,5430.86,774.76,6907.23,784.57,224.1,57.29,18780.24,2086.64,20662.5,979.25,185641.94,21191.2,30.185
2553,2010,12,48,18565.44,4369.53,37.12,8.25,70.38,17.13,581.03,156.49,15672.92,4211.44,34926.89,8762.85,6079.64,998.26,32.06,24.56,419.28,73.11,,,6530.98,1095.94,24678.64,789.6,8090.13,1063.79,6404.85,194.85,786.45,89.2,39960.07,2137.44,47878.36,4405.18,5210.69,319.2,4183.03,396.34,370.04,176.49,3108.07,279.21,60750.18,5576.42,5153.04,364.48,5771.35,770.63,5763.88,627.2,215.75,61.95,16904.01,1824.26,23400.71,1119.66,182472.84,20516.57,30.065
2554,2011,1,49,13025.44,3111.27,7.31,3.61,18.38,5.03,360.47,102.53,11548.03,3269.93,24959.64,6492.36,4160.96,734.15,20.6,12.52,408.95,75.16,,,4590.51,821.83,21294.61,691.01,7133.02,889.4,6154.99,190.37,884.53,106.28,35467.17,1877.05,45152.75,4278.27,5328.25,360.06,4350.94,402.43,235.09,136.76,2427.23,229.7,57494.24,5407.22,4723.08,347.83,4684.04,622.25,3006.74,331.23,97.77,22.29,12511.62,1323.61,21706.46,1031.95,156729.63,16954.03,30.905
2554,2011,2,50,11871.28,2895.14,0.3,0.08,83.83,16.1,282.31,87.3,10730.41,3089.07,22968.12,6087.69,4977.93,879.38,8.8,5.96,301.3,52.75,,,5288.03,938.09,18716.46,612.7,6899.37,957.16,6406.58,234.39,781.55,91.44,32803.97,1895.68,45229.58,4633.42,5646.2,384.55,4485.54,416.2,287.93,135.6,2466.77,223.73,58116.01,5793.5,5271.45,404.96,4784.7,642.97,3613.06,445.04,81.77,20.62,13750.98,1513.59,25278.93,1209.16,158206.04,17437.72,30.595
2554,2011,3,51,16060.21,3949.86,26.91,8.67,75.49,19.87,503.03,149.97,13594.01,3894.27,30259.64,8022.64,6441.19,1446.11,24.15,16.81,401.01,77.96,,,6866.34,1540.88,18725.55,600.61,8543.16,1070.17,5087.12,228.31,805.45,99.79,33161.28,1998.88,49158.95,5314.61,5935.24,408.78,4437.16,464.8,202.48,96.01,2986.6,275.31,62720.43,6559.5,5667.52,442.56,5824.33,836.81,4374.43,594.72,118.53,30.26,15984.8,1904.34,30609.08,1506.72,179601.58,21532.96,30.255
2554,2011,4,52,13193.33,3303.8,13.87,2.95,33.68,8.89,352.24,96.28,10622.95,3121.22,24216.06,6533.15,5063.94,941.22,21.0,12.87,387.31,75.67,,,5472.24,1029.75,16639.8,548.06,7328.29,923.33,4342.79,172.84,903.21,91.85,29214.08,1736.08,42601.26,4758.57,4863.82,337.72,3541.47,383.64,160.9,60.35,2854.3,248.94,54021.75,5789.23,4836.42,373.9,5224.42,764.99,3325.45,477.24,69.16,14.16,13455.46,1630.29,21277.79,1095.55,147657.38,17814.04,29.85
2554,2011,5,53,14982.26,3863.57,14.96,2.11,113.42,24.98,426.41,125.73,13769.27,4088.68,29306.32,8105.08,6015.08,1069.04,32.88,18.61,380.24,73.17,,,6428.21,1160.82,18178.94,583.55,6994.19,912.81,7104.82,256.99,663.05,80.02,32941.0,1833.37,47341.44,5292.2,4735.46,315.34,4294.39,391.75,129.28,44.61,2883.47,268.75,59384.03,6312.65,5611.95,429.07,5671.13,861.42,3714.05,508.53,127.29,22.48,15124.43,1821.5,27848.29,1301.98,171032.28,20535.39,30.3
2554,2011,6,54,17210.95,4466.42,24.7,7.08,143.39,38.03,555.43,172.36,15154.36,4600.47,33088.83,9284.35,6740.0,1248.61,23.58,13.92,465.09,98.6,,,7228.67,1361.13,17778.59,645.55,7810.12,1004.33,5248.0,211.51,595.2,81.36,31431.9,1942.74,48360.36,5762.22,6215.85,409.64,4505.95,449.51,261.78,110.48,3673.07,330.22,63017.0,7062.06,6857.62,503.65,5981.46,937.38,4048.07,590.32,104.61,29.86,16991.76,2061.21,27044.43,1299.59,178802.58,23011.09,30.7
2554,2011,7,55,18989.44,5080.25,11.32,2.67,133.53,37.14,491.2,155.6,16171.01,5155.09,35796.49,10430.74,5256.87,1032.94,35.37,23.23,329.8,74.66,,,5622.04,1130.83,15910.79,509.49,7602.13,1074.27,5729.91,243.84,666.71,86.21,29909.54,1913.8,45729.45,5626.43,4633.79,305.5,5164.65,474.16,281.37,138.77,2862.54,276.47,58671.8,6821.33,6000.01,465.2,6082.38,877.91,2901.73,469.86,51.74,21.8,15035.86,1834.76,18438.54,1059.41,163474.27,23190.87,29.75
2554,2011,8,56,21144.42,5771.9,40.43,9.38,182.68,47.53,774.59,251.25,17829.03,5606.96,39971.15,11687.02,4791.4,900.11,26.72,8.96,366.9,63.34,,,5185.02,972.42,17037.37,561.86,7644.72,986.41,5446.33,252.23,732.57,82.44,30860.99,1882.94,43254.45,5434.04,4822.3,335.56,4769.44,411.49,309.38,151.91,2923.1,271.27,56078.67,6604.26,6393.79,505.42,5933.56,831.43,4655.66,702.88,124.7,52.98,17107.71,2092.72,18285.47,971.91,167489.01,24211.27,29.93
2554,2011,9,57,20231.27,5205.42,10.42,3.09,213.39,54.71,951.82,309.23,18944.38,5879.84,40351.27,11452.29,4784.2,986.17,35.52,25.56,306.44,75.12,,,5126.15,1086.84,15806.27,484.71,8428.9,1083.73,4863.1,198.62,664.04,91.5,29762.3,1858.57,42530.26,5185.32,6367.63,448.58,4802.54,408.2,372.25,185.43,3480.3,311.79,57552.97,6539.32,6654.22,564.32,6585.17,932.74,2699.85,453.33,116.17,57.8,16055.41,2008.2,18161.46,1051.02,167009.55,23996.24,31.17
2554,2011,10,58,20032.93,5221.83,40.77,12.87,209.15,59.96,673.91,222.82,19063.35,6015.33,40020.1,11532.81,5242.5,1061.48,65.64,51.22,368.6,78.9,,,5676.74,1191.6,16985.52,630.16,9388.13,1246.49,5515.7,212.93,628.28,87.95,32517.63,2177.52,40334.53,5391.12,6345.83,442.35,3609.9,396.04,323.74,188.56,3144.33,291.44,53758.33,6709.52,6655.17,603.85,5991.71,827.95,2935.25,524.37,148.85,65.75,15730.97,2021.92,18748.64,1065.86,166452.41,24699.24,30.7
2554,2011,11,59,18946.81,5048.75,34.3,11.57,117.3,34.02,484.22,160.85,16635.26,5276.22,36217.89,10531.41,4347.23,1004.8,41.63,34.34,263.98,62.26,,,4652.84,1101.41,16057.71,595.75,8688.37,1211.82,6777.86,264.4,728.79,93.38,32252.72,2165.36,41718.91,5499.0,7163.75,520.06,2982.39,414.66,266.95,159.66,3251.31,318.62,55383.3,6912.0,5761.11,516.49,6345.85,875.62,3488.64,659.22,138.69,59.01,15734.29,2110.34,16819.12,971.14,161060.16,23791.65,30.84
2554,2011,12,60,16067.84,4395.75,28.8,8.02,143.16,37.99,358.28,114.58,14701.11,4626.6,31299.19,9182.95,4746.98,982.45,46.79,20.55,344.31,82.36,,,5138.08,1085.37,17826.18,687.84,6975.31,1038.65,5601.18,239.26,823.73,105.75,31226.39,2071.5,44078.57,6029.97,7662.14,572.16,4144.3,523.4,332.56,191.84,3699.8,370.62,59917.37,7688.0,5055.6,444.38,6300.0,852.25,2145.4,366.77,116.02,45.81,13617.02,1709.22,16252.46,952.27,157450.52,22689.31,31.52
2555,2012,1,61,11023.56,3007.0,38.69,11.13,0.07,0.01,89.27,34.88,9498.31,2927.02,20649.91,5980.04,3741.24,758.52,7.68,5.96,242.79,64.34,0.0,0.0,3991.7,828.81,14974.02,528.38,6884.02,996.86,6873.65,269.34,952.7,116.67,29684.39,1911.25,36452.32,5239.72,7168.77,535.45,3476.63,445.99,146.21,69.14,2506.25,237.25,49750.17,6527.55,4373.83,398.13,3301.1,404.89,1123.19,181.31,56.34,10.97,8854.45,995.3,12389.36,834.7,125319.98,17077.66,30.97
2555,2012,2,62,11746.81,3184.46,71.27,25.3,47.06,10.06,90.11,35.5,11693.12,3684.2,23648.38,6939.53,5932.64,1152.88,15.0,11.29,312.16,94.52,0.0,0.0,6259.8,1258.7,20123.36,764.91,8158.08,1140.24,5661.58,256.27,915.38,109.24,34858.4,2270.66,42251.12,6055.24,8418.71,708.43,4617.53,555.0,193.76,93.44,3022.74,288.16,58503.86,7700.27,5386.85,509.67,3390.84,437.02,914.67,133.92,83.42,20.93,9775.78,1101.53,15416.8,1034.68,148463.02,20305.38,30.44
2555,2012,3,63,13514.1,3446.17,35.88,16.25,43.87,14.25,69.83,17.65,12968.49,3940.03,26632.16,7434.35,6955.5,1332.55,29.63,17.04,508.84,109.25,0.0,0.0,7493.96,1458.84,21011.05,713.34,8100.87,1196.1,6167.87,264.16,844.53,128.61,36124.32,2302.22,50166.51,6914.69,8857.32,676.08,4458.89,505.35,220.94,111.11,3379.95,308.5,67083.6,8515.73,6172.16,586.03,3762.65,472.05,1197.83,195.11,121.0,28.92,11253.64,1282.11,20499.58,1251.64,169087.26,22244.89,30.83
2555,2012,4,64,13508.24,3209.55,46.6,14.26,11.29,1.65,42.94,11.88,10687.16,3236.69,24296.22,6474.02,5709.57,1042.33,33.53,26.24,411.95,93.66,0.13,0.09,6155.19,1162.31,21083.49,674.1,6254.23,888.13,4575.25,208.03,658.65,106.53,32571.61,1876.8,36844.41,5071.11,7055.76,523.71,3488.31,398.01,199.97,83.87,2634.37,242.65,50222.82,6319.34,4921.25,511.5,2509.18,329.95,591.84,83.38,92.2,19.12,8114.46,943.94,16022.74,930.74,137383.04,17707.15,30.72
2555,2012,5,65,20194.12,4581.92,57.81,20.53,16.2,6.3,43.58,36.64,14088.51,4172.28,34400.21,8817.66,6376.66,1244.64,54.14,35.18,876.81,181.32,0.08,0.06,7307.69,1461.2,19074.17,658.03,7094.5,1082.78,4194.09,226.63,673.72,120.06,31036.49,2087.49,49305.4,7137.82,8466.01,665.14,5153.43,599.34,216.39,121.5,2838.36,264.25,65979.58,8788.05,6507.42,612.68,3281.93,418.11,564.61,87.2,108.99,37.96,10462.95,1155.95,22578.09,1165.42,171765.01,23475.77,31.84
2555,2012,6,66,17938.81,4390.08,27.95,9.56,8.75,5.43,59.87,35.32,13274.12,4029.67,31309.5,8470.06,5698.28,1189.78,26.52,23.3,691.05,137.47,0.61,0.45,6416.45,1351.0,17997.59,651.47,6401.03,1035.79,4585.36,264.04,1273.24,103.53,30257.22,2054.82,48032.94,7224.81,9152.74,727.76,4924.11,592.56,205.59,114.63,3269.19,318.8,65584.58,8978.55,6901.07,681.95,3073.35,406.94,390.75,64.29,84.22,23.71,10449.39,1176.88,19051.47,1053.06,163068.61,23084.38,31.54
2555,2012,7,67,19266.29,4593.89,26.6,6.84,6.68,1.87,57.55,38.51,15060.81,4511.74,34417.92,9152.85,4612.4,1033.92,13.39,9.31,687.54,134.22,0.0,0.0,5313.33,1177.46,17372.38,634.99,7194.87,1115.73,5844.28,305.37,561.09,106.95,30972.62,2163.05,50446.81,7615.74,9815.99,778.65,5153.73,590.29,267.18,127.0,2334.43,214.89,68018.15,9326.56,6439.93,628.22,3350.6,452.06,479.71,78.49,145.03,45.92,10415.27,1204.7,20126.32,1144.89,169263.61,24169.5,31.5
2555,2012,8,68,15615.82,3805.53,21.24,4.88,11.37,6.44,64.5,32.88,15776.21,4739.51,31489.12,8589.23,4245.26,912.53,25.39,18.05,843.16,159.05,1.48,0.96,5115.3,1090.59,15385.01,605.36,6363.91,1120.14,5809.32,300.26,468.71,87.25,28026.94,2113.01,47703.88,7456.19,11120.27,895.04,4369.02,536.1,332.11,155.68,1860.81,192.92,65386.09,9235.92,5915.86,596.0,4447.85,556.08,633.54,107.43,69.96,10.41,11067.21,1269.92,20337.34,1089.99,161422.0,23388.67,31.32
2555,2012,9,69,15196.77,4027.18,12.64,3.95,46.7,8.25,90.56,44.78,15759.87,4781.99,31106.54,8866.14,4193.04,914.51,34.24,30.47,746.69,147.61,0.0,0.0,4973.97,1092.59,15839.2,603.69,7270.23,1125.91,6080.24,285.7,544.97,106.23,29734.64,2121.52,49240.31,7404.54,8408.03,646.18,3786.41,469.05,238.81,114.25,1738.39,182.64,63411.95,8816.65,6004.91,613.49,5245.87,660.69,401.35,73.68,104.46,30.44,11756.59,1378.3,17507.22,1046.35,158490.89,23321.55,30.81
2555,2012,10,70,16936.44,4035.55,42.81,10.83,8.04,4.67,56.71,21.76,16533.69,4952.92,33577.68,9025.73,5376.29,1134.78,46.23,34.58,801.78,148.22,19.5,3.82,6243.8,1321.39,15671.4,596.48,7724.58,1142.53,8349.97,379.64,505.19,96.91,32251.14,2215.56,46190.76,6877.26,10848.28,825.08,4760.97,556.9,294.69,169.74,1870.63,192.86,63965.33,8621.84,6137.25,595.14,5967.69,689.82,1245.9,218.8,105.35,21.62,13456.18,1525.38,18379.12,998.4,167873.24,23708.3,30.69
2555,2012,11,71,16449.02,4274.33,41.41,11.6,20.45,4.06,97.5,31.8,16216.18,4903.66,32824.56,9225.44,4507.56,970.69,50.9,41.74,718.6,140.82,0.0,0.0,5277.06,1153.25,14672.12,477.75,6929.5,1114.2,10908.83,534.53,494.3,91.98,33004.75,2218.45,48600.44,7317.5,10563.33,761.21,5001.18,640.49,293.17,129.69,2461.04,248.53,66919.16,9097.43,6361.56,610.17,6320.39,691.35,1301.47,231.99,112.73,22.71,14096.14,1556.22,26821.83,1371.2,178943.5,24621.98,30.69
2555,2012,12,72,14233.61,3452.45,25.57,10.45,11.64,6.98,57.06,25.81,13299.47,3931.5,27627.35,7427.19,4482.43,1153.63,31.15,23.35,654.86,132.99,0.0,0.0,5168.45,1309.97,15521.97,510.88,5807.56,916.75,5696.41,295.13,541.1,88.53,27567.03,1811.3,43153.18,6479.41,10665.55,768.29,4011.71,521.81,354.36,180.2,1438.87,143.98,59623.67,8093.69,5378.17,515.01,5973.75,600.53,1981.06,337.82,98.51,16.38,13431.49,1469.74,23048.2,1201.42,156466.19,21313.31,30.58
2556,2013,1,73,11655.2,2829.72,69.38,18.17,2.31,1.41,57.18,25.86,10717.64,3176.87,22501.71,6052.03,4437.14,848.89,28.28,14.59,568.3,124.84,0.0,0.0,5033.71,988.32,16244.39,468.26,5385.3,757.07,5358.6,296.47,580.17,106.52,27568.46,1628.33,42787.73,6281.89,10915.22,823.02,4763.93,563.99,143.27,62.48,1258.2,129.84,59868.35,7861.22,5850.89,554.62,5446.26,589.94,1709.1,282.28,96.78,16.06,13103.03,1442.9,16615.55,934.8,144690.81,18907.6,29.8
2556,2013,2,74,9577.41,2370.25,11.67,5.24,0.1,0.01,82.04,26.66,9009.42,2633.91,18680.63,5036.07,4823.73,833.69,24.82,16.99,726.57,130.38,0.0,0.0,5575.12,981.06,14494.24,431.59,4888.84,663.54,5684.48,376.51,638.03,118.35,25705.59,1590.0,47137.26,6628.17,7802.04,581.29,3535.81,447.23,198.16,96.12,1420.13,141.38,60093.39,7894.19,4427.66,430.69,4993.44,490.59,2146.05,297.42,82.76,23.64,11649.91,1242.33,19502.15,1053.79,141206.8,17797.45,29.76
2556,2013,3,75,8937.97,2364.34,13.67,7.42,1.02,0.57,70.3,34.47,9839.49,2952.4,18862.44,5359.2,5787.22,1024.98,22.21,16.33,620.98,116.86,0.19,0.12,6430.58,1158.29,16474.35,542.67,5553.05,771.23,5384.55,429.94,474.88,98.0,27886.83,1841.83,51704.01,7308.42,7141.97,522.62,3877.07,517.82,183.18,82.21,1608.3,153.8,64514.53,8584.86,5491.88,529.86,5554.38,564.66,1907.37,274.5,118.37,29.28,13072.0,1398.3,26506.13,1402.19,157272.5,19744.67,29.28
2556,2013,4,76,6822.46,1775.95,34.93,14.84,0.35,0.15,39.56,26.83,8597.75,2553.53,15495.06,4371.3,4789.58,813.79,30.76,20.23,465.2,90.12,0.01,0.0,5285.55,924.13,14531.49,482.58,5038.38,651.75,5669.39,357.71,13452.27,83.2,38691.53,1575.24,41876.86,6036.45,7630.33,581.02,4046.99,499.21,135.24,58.8,1493.14,138.62,55182.57,7314.1,4974.6,481.38,4729.82,471.83,466.59,52.32,49.71,10.66,10220.72,1016.2,26932.32,1377.65,151807.75,16578.63,29.26
2556,2013,5,77,8171.54,2283.98,33.16,12.32,1.25,0.37,87.9,30.84,9463.04,2951.9,17756.88,5279.4,5432.73,897.61,70.54,35.68,616.42,108.92,0.0,0.0,6119.7,1042.22,17911.5,597.35,5895.39,771.44,4600.56,356.07,364.03,83.05,28771.47,1807.91,45172.61,6364.91,9465.97,674.14,4122.79,475.34,112.67,48.32,1471.61,145.75,60345.65,7708.46,4841.03,449.16,5962.3,576.87,526.15,67.28,54.18,10.17,11383.66,1103.48,36141.02,1803.31,160518.36,18744.78,30.41
2556,2013,6,78,6571.21,1962.4,16.44,7.03,0.07,0.02,63.84,28.33,8052.33,2608.56,14703.89,4606.35,4872.21,834.05,47.1,18.48,565.29,115.31,0.41,0.05,5485.01,967.88,12624.76,440.57,5524.19,722.73,5757.09,347.38,308.01,76.2,24214.04,1586.88,45856.7,6709.66,9603.74,666.77,3835.61,493.77,184.2,100.67,1928.38,189.17,61408.63,8160.04,4670.73,447.57,5349.04,553.53,336.38,46.07,109.1,28.85,10465.24,1076.03,27112.34,1509.71,143389.14,17906.89,31.12
2556,2013,7,79,0.0,0.0,0.0,0.0,0.0,0.0,0.0,0.0,0.0,0.0,0.0,0.0,0.0,0.0,0.0,0.0,0.0,0.0,0.0,0.0,0.0,0.0,0.0,0.0,0.0,0.0,0.0,0.0,0.0,0.0,0.0,0.0,0.0,0.0,0.0,0.0,0.0,0.0,0.0,0.0,0.0,0.0,0.0,0.0,0.0,0.0,0.0,0.0,0.0,0.0,0.0,0.0,0.0,0.0,0.0,0.0,0.0,0.0,31.34
2556,2013,8,80,8434.99,2727.59,25.53,16.43,14.41,1.12,62.51,40.72,10350.89,3891.14,18888.33,6677.0,3784.48,709.72,64.62,26.39,698.77,143.2,4.8,0.48,4552.66,879.79,12912.74,459.49,5304.94,673.51,7422.75,402.82,2820.46,74.06,28460.89,1609.88,40240.42,6117.45,7757.39,603.0,4352.64,591.54,352.19,160.71,1560.25,162.53,54262.87,7635.22,4898.51,486.56,6456.2,667.77,747.25,120.23,68.04,9.73,12170.0,1284.3,23910.5,1335.12,142245.25,19421.3,32.13
2556,2013,9,81,9140.56,3072.48,45.85,15.43,47.02,1.59,90.16,50.67,9777.09,3828.33,19100.68,6968.49,4529.97,788.18,130.82,50.0,713.01,147.29,1.56,0.31,5375.36,985.77,11011.97,346.23,5834.13,786.47,9406.94,504.85,365.63,84.36,26618.67,1721.9,43534.39,6405.9,7355.9,531.02,3530.85,435.61,244.83,86.13,1786.74,190.92,56452.71,7649.58,4864.61,514.68,5456.33,612.21,1490.07,205.11,121.49,33.81,11932.49,1365.81,19127.08,1196.34,138606.98,19887.89,31.21
2556,2013,10,82,8988.22,3230.37,40.34,21.46,0.12,0.08,65.85,33.85,11093.53,4432.22,20188.06,7717.97,5263.5,974.83,104.96,59.91,730.37,150.03,0.64,0.15,6099.47,1184.92,13089.39,457.49,6151.73,815.69,7328.53,386.43,332.09,84.6,26901.73,1744.21,45860.72,6619.22,6278.81,470.07,4186.16,600.87,278.55,116.98,2588.23,261.92,59192.47,8069.06,6810.39,685.39,6431.77,708.16,757.49,110.23,156.1,37.69,14155.76,1541.48,18916.3,1217.64,145453.77,21475.28,31.14
2556,2013,11,83,7863.43,2874.36,35.97,17.66,0.27,0.09,106.83,40.93,10056.56,4090.17,18063.05,7023.21,4781.91,920.37,121.21,82.6,722.16,161.75,0.0,0.0,5625.28,1164.72,11613.05,375.84,6042.47,780.09,7261.95,340.75,333.48,73.31,25250.94,1569.99,50342.06,7205.38,6143.43,467.84,4256.89,592.48,272.92,119.41,1527.09,166.22,62542.39,8551.33,6644.81,680.65,7070.06,802.48,2327.11,370.54,207.67,28.28,16249.65,1881.95,19941.65,1250.61,147672.96,21441.81,32.03
2556,2013,12,84,5734.44,2139.34,47.1,34.58,0.42,0.28,71.18,44.35,6876.66,2808.8,12729.8,5027.36,4287.8,783.38,81.65,37.56,609.52,131.04,4.8,0.49,4983.78,952.47,14891.68,568.34,4915.9,644.69,5830.05,275.54,347.4,81.18,25985.03,1569.74,40655.97,5849.74,5509.66,415.9,3902.73,529.92,239.94,107.1,1527.11,168.43,51835.41,7071.09,6239.9,658.22,5547.41,662.48,1161.59,179.37,76.63,14.69,13025.53,1514.77,19803.53,1306.61,128363.07,17442.05,32.68
2557,2014,1,85,5074.54,1943.48,65.52,42.55,0.71,0.22,67.87,23.1,5697.89,2435.36,10906.53,4444.7,4315.42,838.58,68.11,34.43,511.66,105.05,0.0,0.0,4895.19,978.06,15068.48,609.51,6327.81,884.76,5078.54,287.62,433.24,91.37,26908.06,1873.27,47241.29,6579.48,6204.35,485.04,4570.64,593.97,145.32,51.55,1626.33,175.88,59787.92,7885.92,5936.39,631.94,5718.81,708.11,983.48,153.36,83.97,21.41,12722.66,1514.82,20264.26,1404.07,135484.62,18100.84,33.01
2557,2014,2,86,4925.41,1911.68,41.94,23.99,1.73,1.26,79.06,27.85,5003.68,2119.29,10051.81,4084.08,5430.41,982.0,73.0,38.91,562.53,122.95,0.03,0.0,6065.97,1143.86,15228.58,574.41,5454.96,744.01,5143.03,268.16,397.93,84.43,26224.5,1671.0,44482.28,6190.87,6372.39,519.69,3491.22,472.87,308.28,68.54,1396.68,153.13,56050.85,7405.09,5825.95,620.19,4993.66,591.79,776.77,105.67,86.44,18.94,11682.81,1336.59,24201.51,1445.12,134277.44,17085.73,32.52
2557,2014,3,87,5009.6,1916.65,78.39,48.72,0.43,0.08,66.97,37.18,5611.27,2454.48,10766.66,4457.11,6222.33,1140.87,100.64,43.23,591.14,128.71,0.09,0.06,6914.2,1312.87,16202.11,625.39,5900.65,859.41,5376.85,246.57,466.35,98.33,27945.96,1829.7,54342.26,6974.36,6439.73,505.67,3619.71,475.02,142.23,51.45,1401.84,163.3,65945.75,8169.79,6134.8,654.15,6057.25,709.7,941.68,123.99,107.84,31.2,13241.57,1519.05,29302.9,1668.55,154117.04,18957.07,32.39
2557,2014,4,88,4753.63,1781.97,56.81,34.85,0.31,0.22,40.08,18.97,5524.62,2407.85,10375.45,4243.86,5983.04,1132.15,44.21,28.39,526.59,133.84,0.05,0.0,6553.89,1294.38,15730.19,598.73,5942.84,858.54,4634.58,248.83,425.46,88.15,26733.08,1794.25,44657.28,5689.09,4116.84,331.26,3404.2,475.43,105.85,46.99,1655.25,174.56,53939.42,6717.32,5120.78,544.75,5382.16,627.66,713.14,83.32,79.86,19.24,11295.94,1274.97,27627.22,1588.82,136525.0,16913.61,32.34
2557,2014,5,89,5948.67,2145.65,90.83,60.44,0.59,0.34,89.64,35.35,6208.03,2642.85,12337.76,4884.64,6337.74,1103.32,64.4,28.55,626.64,140.37,0.43,0.05,7029.2,1272.29,16709.95,626.57,5593.9,817.48,5518.65,279.56,333.25,78.36,28155.74,1801.97,49378.67,6137.45,5174.87,413.26,4305.1,559.15,150.94,75.33,1633.93,171.15,60643.52,7356.33,5128.32,530.04,5795.46,673.6,607.17,68.1,114.89,18.12,11645.84,1289.86,24416.5,1536.3,144228.56,18141.39,32.81
2557,2014,6,90,5888.32,2086.74,70.96,44.33,2.05,1.58,76.84,27.82,6045.65,2507.33,12083.82,4667.8,6132.0,1068.35,83.37,29.31,635.49,142.0,3.12,0.52,6853.98,1240.18,14316.37,559.52,6198.83,886.1,3258.33,193.54,379.14,85.0,24152.66,1724.16,49782.24,6221.26,5760.2,432.78,4053.49,516.44,240.39,125.01,1670.89,174.41,61507.21,7469.89,5086.99,523.26,5700.35,678.07,313.63,31.62,102.3,29.09,11203.26,1262.03,36342.16,2063.43,152143.08,18427.49,32.41
2557,2014,7,91,6844.5,2422.58,60.92,40.56,1.32,0.93,34.44,19.0,7474.81,3001.28,14415.98,5484.35,4998.54,959.51,63.07,18.29,608.49,124.93,0.13,0.09,5670.23,1102.82,12485.43,448.92,6212.0,882.31,5190.09,282.92,357.57,70.69,24245.09,1684.84,54581.77,6834.44,5823.84,457.16,4160.31,523.49,220.36,138.53,2267.85,222.11,67054.12,8175.73,4843.85,512.82,6565.38,782.22,481.06,60.97,148.74,28.89,12039.02,1384.89,36306.66,2056.15,159731.1,19888.77,32.18
2557,2014,8,92,7023.38,2489.03,44.16,26.11,0.14,0.06,83.57,38.55,7209.55,2992.76,14360.79,5546.5,4597.15,813.14,43.8,13.04,597.98,131.3,0.09,0.06,5239.02,957.54,13844.11,535.27,5247.11,744.31,7725.14,331.79,318.35,72.66,27134.71,1684.03,47415.39,5990.25,5837.55,438.94,3399.43,386.65,257.29,169.99,1824.25,184.87,58733.91,7170.7,5083.84,509.86,5239.53,654.96,347.42,42.07,150.01,34.1,10820.8,1240.99,26703.64,1623.93,142992.86,18223.68,31.92
2557,2014,9,93,8321.86,2869.74,66.84,45.18,0.63,0.35,135.62,54.1,8541.7,3481.05,17066.64,6450.42,4635.53,811.21,72.48,45.67,852.59,179.49,0.09,0.06,5560.69,1036.43,15914.6,683.42,6335.62,918.19,7502.73,284.84,372.09,81.15,30125.04,1967.6,47608.69,6020.29,6183.41,454.71,4000.31,481.17,231.16,168.24,2247.87,219.13,60271.44,7343.54,5758.06,612.52,5890.1,688.05,424.57,49.28,133.79,33.24,12206.52,1383.09,26709.37,1672.44,151939.69,19853.53,32.42
2557,2014,10,94,11589.44,4114.24,43.52,24.33,1.91,1.54,116.83,43.55,10568.06,4383.74,22319.76,8567.39,5797.79,1018.56,94.98,42.31,763.53,152.05,0.75,0.09,6657.05,1213.01,15965.91,609.82,7075.14,994.61,8052.74,366.42,419.01,79.28,31512.79,2050.13,51183.87,6533.82,6296.09,459.81,4201.11,539.21,244.65,167.68,2893.82,269.33,64819.54,7969.85,5575.56,572.64,5962.71,737.85,1446.56,191.42,239.46,45.3,13224.28,1547.21,30203.46,1857.18,168736.88,23204.77,32.58
2557,2014,11,95,8609.4,3029.08,44.67,28.4,0.85,0.6,115.87,33.46,8571.58,3531.76,17342.37,6623.3,5366.46,916.85,84.48,48.1,607.38,131.18,0.75,0.09,6059.07,1096.22,15823.69,566.33,6490.05,893.52,7889.3,308.59,351.39,70.12,30554.42,1838.57,47798.67,6119.6,6406.57,469.97,4755.15,590.87,272.09,195.77,2297.71,220.37,61530.2,7596.59,5617.41,566.02,5927.57,692.87,1057.3,133.54,202.33,29.49,12804.61,1421.93,29705.26,1833.75,157995.93,20410.35,32.85
2557,2014,12,96,7311.47,2382.83,86.98,59.05,0.12,0.02,110.82,34.29,7519.99,2917.06,15029.38,5393.24,3163.55,569.4,40.14,19.21,648.83,140.65,0.75,0.09,3853.26,729.35,16794.62,635.72,6047.38,820.12,8018.72,347.29,370.83,75.92,31231.55,1879.04,47992.55,5995.28,6960.23,515.52,4679.79,549.92,239.23,146.96,1852.01,197.74,61723.81,7405.41,5417.94,540.78,6959.62,786.55,916.85,133.96,134.78,35.81,13429.18,1497.12,29838.24,1749.12,155105.42,18653.27,32.9
2558,2015,1,97,6585.29,2130.4,77.59,57.87,0.07,0.03,95.44,31.01,6157.75,2315.76,12916.15,4535.07,3956.86,719.1,91.95,41.65,601.19,131.58,0.57,0.16,4650.56,892.49,16288.98,577.65,5021.59,746.38,7362.7,344.93,385.49,74.25,29058.75,1743.2,41942.1,5236.1,6623.99,489.2,4838.5,626.48,171.39,103.79,1546.58,166.9,55122.54,6622.47,5731.21,563.8,5902.54,661.24,704.85,93.93,111.2,31.15,12449.79,1350.12,27420.56,1750.47,141618.36,16893.82,32.72
2558,2015,2,98,4702.03,1397.48,19.46,13.42,1.2,0.93,102.93,26.85,5447.5,2063.25,10273.11,3501.93,4069.0,701.16,23.26,8.34,420.22,93.07,1.34,0.28,4513.82,802.86,12441.17,480.6,4582.77,641.16,4826.08,235.55,430.5,79.24,22280.52,1436.56,41944.08,5009.15,6619.85,484.37,3515.08,467.78,79.27,49.77,1726.64,179.74,53884.92,6190.81,5473.17,553.78,5217.86,589.25,1075.67,142.25,84.38,15.31,11851.07,1300.6,27727.07,1762.03,130530.51,14994.79,32.35
2558,2015,3,99,5318.47,1619.41,56.09,26.75,0.26,0.15,118.86,46.83,6082.77,2217.12,11576.44,3910.26,5208.77,911.28,65.14,20.29,561.52,121.38,0.04,0.03,5835.47,1052.98,13626.67,495.83,6095.3,905.84,7153.59,312.54,419.61,86.13,27295.17,1800.33,50575.65,5924.35,4712.49,345.31,5198.96,587.78,198.51,96.8,1816.0,184.58,62501.61,7138.82,5516.04,566.61,5724.01,655.95,993.09,124.86,97.64,23.15,12330.78,1370.57,33375.91,2031.4,152915.37,17304.37,32.53
2558,2015,4,100,4674.4,1359.21,55.58,38.54,1.36,1.23,55.17,34.23,5263.18,1897.03,10049.68,3330.24,5254.93,882.97,89.94,28.58,484.32,103.05,0.0,0.0,5829.18,1014.6,13552.6,477.36,5370.47,786.48,6189.64,277.14,373.64,75.3,25486.34,1616.28,44583.42,5149.8,4088.43,286.54,3679.27,478.42,69.1,36.47,1592.08,169.42,54012.29,6120.64,5378.25,555.8,5139.87,607.16,1112.3,137.92,98.35,20.9,11728.76,1321.77,29989.46,1908.33,137095.73,15311.86,33.01
2558,2015,5,101,6532.58,1862.57,35.62,21.39,0.81,0.57,58.86,22.92,6482.34,2201.66,13110.21,4109.11,4833.57,857.33,70.42,23.59,588.48,118.81,0.0,0.0,5492.47,999.73,13302.23,505.43,5774.66,836.55,4724.68,221.51,377.12,75.19,24178.69,1638.68,48209.98,5417.74,5920.22,410.11,4766.48,508.93,119.68,73.01,1725.79,164.78,60742.14,6574.57,5094.71,500.92,5272.17,613.77,680.09,67.3,109.83,26.24,11156.8,1208.23,29831.03,1789.73,144511.34,16320.06,33.69
2558,2015,6,102,6253.36,1835.21,43.4,32.34,0.89,0.82,112.43,39.77,6226.06,2183.7,12636.12,4091.83,5316.25,945.56,65.58,20.55,545.53,122.29,0.0,0.0,5927.36,1088.41,12295.43,460.84,5333.05,801.6,5936.85,288.43,327.19,66.77,23892.52,1617.64,48339.27,5552.83,6710.85,462.02,5412.12,668.86,117.17,80.13,1961.3,209.48,62540.71,6973.32,5526.33,559.85,5384.17,653.61,1036.78,128.48,107.95,20.1,12055.22,1362.04,25256.74,1734.39,142308.66,16867.64,33.79
2558,2015,7,103,6183.56,1876.06,33.94,26.46,1.04,0.91,108.55,34.68,7305.43,2508.02,13632.52,4446.14,4644.88,835.17,43.09,14.71,621.55,138.12,0.0,0.0,5309.52,988.0,11977.85,533.92,5742.68,831.34,2488.74,152.39,339.05,67.75,20548.32,1585.4,47740.35,5672.83,4733.85,354.85,4417.34,627.72,194.22,115.54,2229.01,222.62,59314.77,6993.56,5394.09,586.69,5446.14,671.08,1244.71,156.63,123.39,34.74,12208.34,1449.15,26324.72,1683.58,137338.18,17145.83,34.99
2558,2015,8,104,6328.21,1921.76,25.6,17.06,0.07,0.12,84.21,15.28,7990.32,3210.33,14428.41,5164.54,3704.11,654.31,32.39,14.09,503.67,109.77,0.0,0.0,4240.17,778.17,11770.01,543.04,4835.38,834.2,3809.65,271.46,351.04,67.52,20766.07,1716.22,43282.72,5147.01,6001.07,433.79,4178.63,519.77,127.94,65.62,1983.99,228.24,55574.35,6394.43,5713.95,601.65,5875.28,739.29,783.49,108.84,185.0,48.93,12557.73,1498.71,23874.91,1548.64,131441.63,17100.71,35.82
2558,2015,9,105,7796.22,2385.89,32.51,24.5,0.07,0.13,55.04,32.83,9664.06,3650.87,17547.9,6094.23,4303.25,832.6,57.8,32.66,709.89,166.54,0.0,0.0,5070.94,1031.8,10621.0,484.83,5074.45,784.05,3760.33,288.29,389.61,73.99,19845.39,1631.16,45596.27,5659.63,6167.7,485.38,4355.86,567.09,184.6,120.32,1837.69,211.04,58142.12,7043.45,5608.22,602.82,6111.18,763.13,698.9,83.6,210.16,60.0,12628.47,1509.56,22263.68,1537.89,135498.5,18848.08,36.36
2558,2015,10,106,9499.87,2824.92,40.88,32.22,1.62,1.16,106.44,31.93,10199.82,3859.25,19848.62,6749.48,4250.22,853.11,30.53,18.98,658.32,145.97,0.0,0.0,4939.06,1018.05,10866.44,408.41,5951.51,966.98,4284.43,283.37,325.47,72.32,21427.84,1731.08,41742.36,5334.72,6987.46,536.4,4534.29,564.32,181.15,111.87,1937.36,196.37,55382.62,6743.67,5753.63,640.54,5722.02,718.78,824.6,106.73,196.17,62.68,12496.42,1528.72,24743.77,1619.87,138838.32,19390.88,35.59
2558,2015,11,107,9746.63,2794.62,31.48,24.58,0.11,0.13,79.19,31.01,8521.14,3086.01,18378.55,5936.35,4414.69,820.14,53.61,22.68,607.88,149.87,0.0,0.0,5076.18,992.7,11722.67,421.51,5349.68,861.03,4280.05,250.72,317.82,72.15,21670.23,1605.41,47707.34,5792.6,5807.97,449.75,4809.0,643.58,187.69,104.28,2077.43,209.6,60589.43,7199.82,5259.23,562.7,5551.78,722.96,526.57,56.74,163.72,37.1,11501.3,1379.5,28466.3,1806.52,145681.98,18920.3,35.79
2558,2015,12,108,10156.58,2968.27,56.47,43.14,0.6,0.56,110.76,42.27,7029.4,2545.88,17353.81,5600.12,5414.03,893.86,66.17,34.21,556.78,136.51,0.0,0.0,6036.98,1064.58,12170.33,504.51,5601.77,900.12,3584.15,222.18,367.79,78.77,21724.03,1705.58,49944.29,6142.98,7369.74,565.22,4268.2,598.28,172.28,96.22,2018.55,232.05,63773.07,7634.76,5202.97,531.4,5783.04,736.34,211.32,19.87,178.75,52.69,11376.09,1340.31,25524.26,1704.89,145788.24,19050.24,36.02
2559,2016,1,109,8177.3,2301.54,59.85,48.12,1.68,1.46,94.69,26.31,5339.76,1926.46,13673.27,4303.88,3721.53,664.22,28.06,9.46,415.73,102.39,0.0,0.0,4165.31,776.06,10571.22,455.15,5478.24,908.32,3032.71,212.58,382.2,86.39,19464.37,1662.44,40483.17,4934.75,4665.25,383.33,3133.19,441.52,94.23,44.96,1535.34,159.55,49911.17,5964.12,5255.51,536.16,4411.98,566.24,625.77,75.22,114.58,18.23,10407.85,1195.86,19839.74,1303.59,117461.7,15205.95,35.71
2559,2016,2,110,7279.35,2136.59,23.85,18.77,0.08,0.14,119.45,23.92,4992.19,1827.4,12414.92,4006.82,2469.39,537.24,53.5,39.31,500.18,91.84,0.0,0.0,3023.06,668.39,10910.01,487.89,4748.3,783.8,4126.09,336.55,419.05,86.02,20203.45,1694.26,47311.87,5645.74,4896.96,376.6,3555.37,474.71,101.59,59.48,1722.97,202.86,57588.76,6759.39,4956.66,533.69,4579.56,572.22,516.4,66.99,86.45,12.13,10139.06,1185.04,27715.17,1819.39,131084.42,16133.29,35.61
2559,2016,3,111,9305.33,2697.0,23.73,16.68,0.4,0.32,78.85,24.96,6350.27,2293.1,15758.58,5032.05,4422.8,877.62,32.08,20.21,510.3,125.52,0.0,0.0,4965.18,1023.34,11618.63,508.63,5814.76,916.1,5147.38,307.31,404.93,85.65,22985.7,1817.69,49910.06,6022.71,5546.1,420.6,3702.89,463.7,109.98,62.49,1808.63,218.71,61077.66,7188.22,6300.68,664.79,5722.73,710.01,832.37,103.21,147.16,32.98,13002.94,1511.0,34634.48,1964.28,152424.53,18536.59,35.1
2559,2016,4,112,8515.7,2393.51,29.43,23.26,0.07,0.16,76.44,22.66,5240.16,1924.98,13861.8,4364.57,3979.1,833.19,34.77,31.77,591.02,129.87,0.0,0.0,4604.89,994.83,9973.97,405.24,5267.37,807.37,3939.05,228.91,316.53,74.02,19496.92,1515.54,38932.67,4804.02,3407.38,255.31,2865.51,386.57,51.32,26.22,1429.24,168.09,46686.11,5640.2,5041.78,547.02,4595.24,609.8,488.87,57.59,102.36,21.41,10228.24,1235.83,27001.34,1547.49,121879.3,15298.45,34.89
2559,2016,5,113,12372.15,3434.91,30.29,23.07,0.08,0.16,82.91,19.12,6238.67,2317.53,18724.1,5794.78,4617.74,912.83,41.19,24.78,665.75,137.88,0.0,0.0,5324.68,1075.49,10506.26,461.48,4982.86,778.32,5417.38,322.19,307.26,71.65,21213.76,1633.64,48499.84,6033.69,4727.74,358.86,4745.58,561.29,97.56,40.4,1660.8,188.03,59731.52,7182.26,5703.42,592.58,5068.67,634.63,764.02,91.51,99.73,16.95,11635.84,1335.67,33530.25,1753.3,150160.15,18775.15,35.76
2559,2016,6,114,11923.29,3432.3,33.99,24.9,0.08,0.16,58.04,23.53,7384.06,2762.75,19399.45,6243.64,4186.49,905.06,50.05,25.08,606.26,130.21,0.0,0.0,4842.79,1060.35,10680.63,497.16,5024.04,831.17,3322.26,223.96,303.62,64.81,19330.55,1617.1,45123.79,5871.36,4767.86,360.99,4537.45,558.93,136.14,64.91,1798.55,212.09,56363.79,7068.3,5802.47,628.75,5048.25,644.28,514.74,65.51,134.98,33.54,11500.44,1372.08,35527.73,1939.51,146964.75,19300.98,35.1
2559,2016,7,115,10409.77,3125.93,29.52,22.22,0.06,0.13,70.23,27.49,6872.17,2573.75,17381.73,5749.52,3695.83,803.27,37.24,21.75,786.18,163.91,0.0,0.0,4519.25,988.93,9705.83,454.75,4555.87,761.63,4244.68,281.47,294.48,61.45,18800.86,1559.31,43837.93,5756.26,3613.18,282.4,3819.99,507.23,199.37,101.07,1763.37,203.21,53233.84,6850.16,5550.7,584.89,5000.27,631.65,624.49,89.29,166.18,55.79,11341.64,1361.62,32723.4,1837.89,138000.71,18347.43,34.76
2559,2016,8,116,9255.48,2898.32,53.14,42.68,0.04,0.13,93.92,26.96,7581.73,2848.86,16984.32,5816.95,3097.43,669.76,54.65,15.97,718.84,160.12,0.08,0.08,3870.99,845.93,7943.55,388.13,5132.91,846.73,5006.2,324.54,297.24,66.53,18379.9,1625.93,43614.85,5725.94,3746.95,283.23,3912.5,512.94,182.96,90.07,1765.84,213.78,53223.1,6825.96,6102.59,660.65,4880.86,619.57,415.43,65.97,163.44,39.98,11562.32,1386.16,28786.77,1725.0,132807.4,18225.93,34.62
2559,2016,9,117,11340.75,3567.34,32.58,25.41,0.0,0.0,70.17,21.28,9296.33,3584.93,20739.82,7198.96,3833.04,870.96,23.17,20.94,647.63,157.53,0.0,0.0,4503.84,1049.43,10029.34,512.35,5352.46,875.63,6103.51,404.4,310.48,66.75,21795.79,1859.13,47716.21,6093.3,3291.08,266.33,3461.93,463.03,137.07,65.19,2057.29,226.0,56663.59,7113.85,6764.6,719.95,5571.4,731.99,831.12,117.36,168.25,39.78,13335.37,1609.08,24096.47,1543.88,141134.88,20374.34,34.58
2559,2016,10,118,11225.76,3493.42,32.71,23.94,0.0,0.0,67.97,23.74,9057.08,3446.52,20383.51,6987.62,4182.65,918.39,33.25,26.48,714.02,166.7,0.0,0.0,4929.91,1111.57,11066.55,549.42,5185.81,797.78,5845.3,328.22,314.23,70.86,22411.9,1746.28,47470.48,6349.42,5444.77,393.36,3806.6,521.27,154.65,79.47,2205.59,250.33,59082.1,7593.86,6515.57,685.99,5476.1,712.35,859.22,115.88,198.83,53.19,13049.72,1567.41,24494.74,1503.47,144351.88,20510.2,35.02
2559,2016,11,119,12887.81,3809.52,42.75,33.19,0.0,0.0,77.49,29.85,9012.12,3489.43,22020.17,7361.99,4246.46,995.07,44.71,32.21,679.66,165.01,0.0,0.0,4970.82,1192.29,9601.87,478.41,5279.41,830.57,5105.84,343.52,329.9,69.41,20317.03,1721.91,58419.09,5772.32,4513.66,351.24,3501.97,456.49,148.67,83.66,701.31,83.18,67284.7,6746.88,6851.78,699.54,7342.71,964.6,1385.42,209.19,209.14,63.01,15789.06,1936.34,27001.8,1753.3,157383.58,20712.71,35.69
2559,2016,12,120,10756.88,3193.55,90.0,69.24,0.0,0.0,107.33,24.02,7145.57,2669.84,18099.78,5956.65,4144.94,1028.09,24.82,22.85,620.01,146.85,0.0,0.0,4789.76,1197.79,10917.11,612.02,4480.85,779.23,5262.03,343.14,323.17,71.73,20983.16,1806.12,42681.96,5900.35,5468.59,410.22,3678.76,462.0,116.66,45.08,337.34,52.24,52283.31,6869.89,5903.37,646.85,7303.93,969.78,1171.49,181.4,151.8,52.29,14530.59,1850.32,21908.98,1445.01,132595.58,19125.77,35.84
2560,2017,1,121,7055.48,2069.69,,,,,137.5,55.51,5281.08,1973.13,12474.06,4098.33,3257.45,849.96,76.55,45.05,457.04,108.92,,,3791.04,1003.93,8607.0,447.08,3414.64,634.89,3156.73,214.75,323.21,72.8,15501.57,1369.52,37631.5,5278.59,2885.54,228.75,3026.52,397.98,122.61,62.27,620.08,73.42,44286.25,6041.01,5646.69,608.51,5837.19,730.49,483.83,74.4,108.53,37.12,12076.23,1450.52,21430.24,1265.4,109559.39,15228.71,35.08
2560,2017,2,122,6866.92,2044.81,,,,,116.4,46.58,5133.53,1939.16,12116.85,4030.54,3310.77,868.73,5.55,5.77,545.44,140.19,,,3861.76,1014.69,10021.78,478.07,3652.27,604.35,5140.63,325.79,282.08,64.67,19096.76,1472.89,41972.95,5796.22,3000.4,231.96,3181.7,418.46,79.35,43.01,995.8,110.99,49230.2,6600.63,5713.79,621.54,5733.3,737.65,791.25,111.14,91.33,18.07,12329.67,1488.41,23025.12,1413.36,119660.36,16020.52,34.93
2560,2017,3,123,8690.79,2579.89,,,,,146.26,76.64,7072.26,2694.11,15909.32,5350.63,5003.95,1300.15,46.24,19.0,612.65,165.24,,,5662.84,1484.39,12603.68,664.0,5276.9,859.91,3637.78,266.97,295.62,77.72,21813.99,1868.6,43498.47,6106.19,4132.09,316.38,3693.08,505.79,94.86,42.84,644.63,90.66,52063.12,7061.86,6051.01,668.89,6555.52,825.04,138.25,20.65,211.49,64.36,12956.27,1578.94,28273.79,1673.5,136679.33,19017.93,34.34
2560,2017,4,124,6603.13,1994.22,,,,,89.57,42.9,4640.87,1762.4,11333.58,3799.52,3616.98,939.59,13.1,12.85,450.62,117.84,,,4080.71,1070.28,8827.48,385.6,3779.01,662.88,2815.08,221.45,214.02,59.49,15635.59,1329.42,30805.25,4293.28,3031.24,227.05,2757.3,347.44,36.31,20.0,569.99,75.76,37200.09,4963.53,4714.14,537.04,4741.61,565.25,9.96,1.63,108.72,24.22,9574.43,1128.15,21616.92,1186.78,99441.32,13477.68,34.58
2560,2017,5,125,12400.86,3552.32,,,,,144.89,69.13,7133.79,2676.64,19679.53,6298.08,4738.97,1188.23,32.88,30.7,553.33,141.94,,,5325.18,1360.88,11672.49,552.15,4491.09,776.12,4390.77,351.48,282.32,71.74,20836.67,1751.5,44407.88,6269.83,4568.26,333.0,4175.12,550.8,95.02,55.01,641.69,70.73,53887.97,7279.37,6476.21,707.66,6609.63,800.69,260.76,39.57,105.39,19.35,13451.99,1567.27,27308.86,1593.09,140490.21,19850.19,34.03
2560,2017,6,126,13023.65,3806.57,,,,,147.94,73.88,7712.24,2882.53,20883.83,6762.98,5006.39,1272.74,22.02,18.68,600.36,166.16,,,5628.77,1457.59,11944.12,588.44,4407.16,846.79,3023.71,221.91,265.24,65.92,19640.23,1723.06,40854.31,5795.77,3932.12,289.88,4052.95,548.45,94.0,51.66,265.27,42.06,49198.65,6727.81,6183.51,697.13,6598.5,826.73,12.85,2.17,116.41,32.43,12911.27,1558.45,25578.78,1492.32,133841.53,19722.21,33.92
2560,2017,7,127,11478.93,3383.69,,,,,77.47,43.14,7471.75,2864.43,19028.15,6291.26,3836.4,937.58,13.92,12.24,546.26,129.7,,,4396.58,1079.52,11240.56,523.57,3706.75,642.62,4668.2,318.88,228.74,69.99,19844.24,1555.06,38786.0,5387.38,3921.12,294.45,3870.36,470.07,204.89,88.05,382.48,63.89,47164.85,6303.84,6030.68,649.68,6129.62,762.39,25.25,3.89,102.63,43.91,12288.19,1459.88,26881.86,1501.94,129603.87,18191.5,33.29
2560,2017,8,128,11595.19,3515.97,,,,,1013.74,330.0,8198.27,3134.55,20807.2,6980.53,3497.92,891.03,17.83,15.83,629.7,180.63,,,4145.45,1087.49,11542.93,617.45,4294.35,753.95,3227.36,222.34,239.16,74.86,19303.8,1668.6,42379.55,6001.48,5189.3,377.54,3510.62,460.31,133.02,89.49,322.19,58.14,51534.68,6986.95,6751.98,753.54,7233.66,886.42,73.82,12.66,106.39,21.0,14165.85,1673.63,21921.21,1478.0,131878.2,19875.2,33.17
2560,2017,9,129,11193.63,3289.28,,,,,1434.35,498.5,8137.34,3146.28,20765.32,6934.06,3456.62,859.7,13.41,14.92,580.99,151.07,,,4051.01,1025.68,10680.66,535.06,4143.0,713.78,4986.61,310.69,230.12,94.01,20040.39,1653.54,40209.22,5777.17,4762.92,337.62,4157.39,546.08,137.92,81.85,826.03,77.79,50093.49,6820.5,6463.03,684.88,7586.35,924.42,266.54,18.32,116.11,18.12,14432.03,1645.74,18723.71,1387.2,128105.95,19466.73,33.32
2560,2017,10,130,10588.41,3009.23,,,,,1471.53,464.58,8266.77,3154.86,20326.7,6628.67,3465.17,885.75,50.63,40.85,512.02,140.48,,,4027.81,1067.07,10766.33,507.22,4232.98,660.92,2003.8,134.55,201.37,75.01,17204.47,1377.71,40334.56,5982.42,4621.1,324.97,4022.14,509.65,176.68,100.74,265.7,35.09,49420.19,6952.88,6588.4,950.1,8218.74,998.77,418.23,45.48,143.24,38.99,15368.62,2033.35,21669.76,1400.1,128017.55,19459.77,33.22
2560,2017,11,131,10800.45,3227.5,,,,,1691.13,544.24,7945.09,2913.24,20436.68,6684.99,3180.17,855.26,48.55,22.37,653.17,187.51,,,3881.89,1065.14,11352.44,563.16,4367.66,695.59,2925.88,218.44,223.1,75.46,18869.09,1552.64,42278.07,6539.87,4336.59,311.1,3433.69,501.67,139.76,66.22,178.86,29.47,50366.97,7448.34,6598.67,728.2,8762.08,1017.32,1020.94,196.75,206.82,45.49,16588.5,1987.76,20004.06,1402.84,130147.19,20141.7,32.64
2560,2017,12,132,9700.06,2774.54,,,,,1582.73,497.95,6428.55,2382.36,17711.34,5654.85,3247.47,804.11,42.62,30.33,714.42,168.69,,,4004.52,1003.13,11604.91,556.19,3698.01,584.83,2636.67,162.56,240.97,71.02,18180.56,1374.6,38861.61,5947.19,5079.33,364.26,4561.0,729.54,79.64,47.4,390.33,43.28,48971.91,7131.66,6088.58,642.23,8555.43,961.51,211.03,23.1,162.37,30.36,15017.4,1657.2,18807.81,1174.04,122693.54,17995.49,32.55
2561,2018,1,133,7363.51,2023.43,,,,,1249.28,370.64,5155.19,1904.03,13767.98,4298.09,3654.03,932.94,32.82,28.54,529.16,149.33,0.0,0.0,4216.01,1110.82,11911.92,498.69,3713.62,602.47,3296.29,232.75,266.9,84.74,19188.73,1418.65,39661.6,6001.24,5154.88,347.45,4115.35,626.81,107.23,54.89,324.89,36.71,49363.94,7067.11,6736.95,744.07,6765.11,766.98,64.04,6.17,87.2,15.63,13653.3,1532.84,30970.69,1738.78,131160.65,17166.28,31.34
2561,2018,2,134,6810.39,1843.53,,,,,904.18,272.44,4931.54,1759.51,12646.1,3875.48,3958.44,975.82,16.42,15.08,555.12,135.84,0.0,0.0,4529.97,1126.73,9398.42,409.5,3510.01,524.77,2414.03,192.01,251.75,72.07,15574.2,1198.35,33063.05,4734.62,3843.85,279.39,3599.84,533.35,192.8,57.64,351.23,39.8,41050.77,5644.8,7018.18,711.66,6990.86,778.17,30.3,4.17,106.75,27.48,14146.08,1521.48,24667.97,1444.7,112615.1,14811.55,31.48
2561,2018,3,135,7523.77,2126.69,,,,,1389.95,420.04,5252.13,1894.9,14165.85,4441.63,3807.48,931.23,51.14,38.52,550.91,146.62,0.0,0.0,4409.53,1116.38,13579.76,635.87,4650.59,1013.49,2998.57,248.81,299.84,101.08,21528.75,1999.25,41775.96,5717.61,4552.65,318.84,4241.52,555.5,45.44,20.5,250.33,37.89,50865.89,6650.34,7428.84,751.1,7929.37,903.97,69.58,9.92,119.09,37.4,15546.88,1702.39,28925.06,1719.93,135441.95,17629.91,31.17
2561,2018,4,136,6569.34,1817.07,,,,,941.65,289.64,5054.68,1783.35,12565.66,3890.06,3288.46,799.62,34.73,34.17,507.25,125.2,2.2,1.65,3832.64,960.64,10609.09,413.31,4101.74,602.58,2041.7,166.95,332.62,85.03,17085.14,1267.88,37095.63,5018.93,3843.73,276.65,3416.7,423.22,70.63,43.06,142.13,20.08,44568.82,5781.94,6233.22,683.3,6575.26,761.18,37.83,4.21,89.86,40.15,12936.16,1488.83,23162.95,1387.73,114151.38,14777.07,31.54
2561,2018,5,137,8465.97,2247.64,,,,,1687.64,520.05,5723.45,2063.95,15877.05,4831.64,4344.39,1079.54,56.62,29.94,583.01,157.05,0.4,0.33,4984.42,1266.85,12963.39,535.23,4778.66,686.41,3277.47,241.27,385.22,84.15,21404.73,1547.06,46432.44,6307.98,4724.17,335.53,4764.27,584.17,49.05,30.94,211.52,33.5,56181.45,7292.12,7659.51,790.11,6958.43,799.45,210.78,44.39,54.93,26.05,14883.66,1660.0,24926.24,1480.44,138257.55,18078.12,32.05
2561,2018,6,138,9241.97,2465.65,,,,,1958.87,616.43,5549.18,1956.93,16750.02,5039.01,3541.76,924.96,40.32,41.52,651.79,169.75,0.05,0.05,4233.91,1136.28,11903.51,543.75,4519.15,703.24,2248.03,155.33,402.42,81.53,19073.11,1483.85,41328.27,5788.21,5129.43,379.26,5238.29,631.16,97.39,70.18,196.06,27.7,51989.44,6896.51,6830.91,768.78,6243.5,771.21,232.26,44.64,40.31,19.49,13346.98,1604.11,24125.19,1444.29,129518.64,17604.05,33.02
2561,2018,7,139,8119.43,2195.62,,,,,1931.68,609.28,5961.81,2127.8,16012.92,4932.71,3210.14,822.41,53.0,43.13,629.64,159.83,0.0,0.0,3892.78,1025.37,10279.46,427.72,4674.73,699.6,3243.24,265.96,436.59,89.07,18634.01,1482.35,43657.12,6283.17,6116.31,445.75,4577.0,543.31,86.83,59.06,130.25,31.83,54567.52,7363.12,6984.77,847.73,6435.19,791.66,94.02,22.37,110.0,48.85,13623.98,1710.62,23216.93,1392.74,129948.13,17906.9,33.19
2561,2018,8,140,8681.23,2446.34,,,,,1651.43,507.81,6938.63,2469.8,17271.3,5423.95,3191.8,841.02,18.47,17.88,719.84,212.68,1.5,1.2,3931.61,1072.79,10610.24,453.6,5134.05,730.35,3663.26,283.75,332.15,77.69,19739.71,1545.38,45927.22,6768.99,6937.42,515.3,4718.01,613.2,112.5,75.96,135.24,27.04,57830.38,8000.49,7670.53,893.14,7018.61,874.53,125.71,29.26,93.94,37.84,14908.79,1834.77,27194.25,1635.14,140876.04,19512.52,32.75
2561,2018,9,141,8394.67,2343.21,,,,,1658.32,529.87,6479.27,2382.22,16532.26,5255.29,2961.71,767.72,43.31,40.58,643.84,170.36,0.0,0.0,3648.86,978.65,10293.84,462.39,4500.38,693.24,2384.41,178.89,287.62,79.66,17466.24,1414.18,43212.79,6138.26,5338.71,408.19,3944.8,493.46,92.48,63.88,276.76,33.33,52865.54,7137.12,7081.12,857.7,7180.46,873.6,190.69,42.09,102.8,36.84,14555.06,1810.23,21579.96,1450.64,126647.92,18046.12,32.32
2561,2018,10,142,8953.53,2562.82,,,,,1934.58,596.94,7617.01,2739.05,18505.13,5898.81,3079.53,782.43,46.15,25.51,784.05,200.32,0.0,0.0,3909.72,1008.25,9438.8,394.07,5507.06,723.08,3048.81,228.3,293.98,74.02,18288.65,1419.46,48554.14,6754.94,5927.35,434.75,6396.52,829.02,106.55,82.03,390.86,51.56,61375.41,8152.3,8211.42,944.51,8015.52,975.29,508.61,93.43,132.31,48.1,16867.86,2061.32,20391.48,1326.76,139338.24,19866.91,33.11
2561,2018,11,143,9717.05,2780.01,,,,,1876.54,613.37,7328.14,2590.74,18921.72,5984.11,3470.67,929.04,19.36,21.97,711.25,181.85,0.0,0.0,4201.28,1132.87,8448.89,366.99,4893.43,674.43,2539.51,177.32,241.48,71.33,16123.31,1290.08,48991.55,7034.71,5517.12,424.38,5645.04,841.01,135.58,73.87,257.46,31.41,60546.75,8405.37,7560.52,852.55,7999.44,954.78,95.25,22.63,112.88,31.33,15768.09,1861.29,18622.82,1315.07,134183.96,19988.79,32.96
2561,2018,12,144,9844.0,2772.14,,,,,1284.9,403.67,5180.02,1783.74,16308.92,4959.55,3040.93,794.1,16.79,14.86,673.52,161.44,1.17,0.9,3732.41,971.3,8729.21,390.5,4433.08,609.88,1924.76,153.46,245.03,61.53,15332.08,1215.37,43062.89,6086.07,5483.27,436.47,5638.81,757.97,78.7,50.98,565.13,59.45,54828.79,7390.94,6878.68,754.31,7839.41,965.15,102.95,24.5,44.19,10.63,14865.22,1754.59,23456.78,1356.61,128524.19,17648.37,32.33
2562,2019,1,145,7354.49,1999.94,,,,,783.37,244.44,5062.08,1769.39,13199.93,4013.77,2767.29,699.54,9.57,6.9,717.02,179.72,0.0,0.0,3493.88,886.16,9297.01,383.83,5223.02,668.34,2323.13,194.85,274.74,77.36,17117.9,1324.38,41455.21,5804.12,4784.63,399.58,4898.86,744.17,61.26,35.63,538.32,47.58,51738.27,7031.08,7642.42,872.85,6448.4,775.71,178.05,30.6,66.89,44.27,14335.75,1723.44,20554.72,1310.92,120440.45,16289.75,31.2
2562,2019,2,146,6069.79,1544.54,,,,,774.16,222.61,5002.29,1668.34,11846.24,3435.49,3169.93,777.94,7.72,8.69,653.11,161.19,0.62,0.44,3831.38,948.26,8075.96,340.58,3724.35,496.46,2159.38,187.5,283.39,65.77,14243.08,1090.31,40996.18,5453.03,3974.68,322.31,5938.79,799.14,62.23,29.48,272.98,40.03,51244.85,6643.99,6953.16,781.54,6036.5,733.74,37.86,7.14,47.48,23.39,13075.01,1545.81,24364.57,1407.27,118605.11,15071.12,31.57
2562,2019,3,147,6650.63,1649.62,,,,,972.75,284.91,5646.34,1884.72,13269.72,3819.24,3715.52,900.61,14.25,14.86,566.45,141.88,0.52,0.38,4296.73,1057.73,10921.21,506.03,4771.11,640.93,2166.33,173.45,379.11,87.13,18237.77,1407.54,45310.44,6038.05,4751.0,375.36,5999.47,789.63,95.57,48.91,289.78,29.74,56446.25,7281.69,7178.08,781.55,6534.5,793.95,176.14,36.73,71.26,33.37,13959.98,1645.61,30261.23,1591.05,136471.67,16802.86,31.72
2562,2019,4,148,6987.91,1724.45,,,,,1018.54,303.57,4680.72,1586.41,12687.17,3614.43,3244.29,768.1,7.13,7.52,478.82,127.04,0.0,0.0,3730.24,902.66,8172.76,338.62,5133.5,640.86,2015.95,169.11,326.8,67.46,15649.02,1216.04,39111.4,5336.23,3856.85,330.31,5608.98,761.67,56.98,27.34,177.44,25.41,48811.65,6480.96,6542.32,732.3,6229.05,752.63,199.46,29.9,43.97,18.27,13014.79,1533.1,25843.71,1428.21,119736.58,15175.4,31.89
2562,2019,5,149,9855.46,2508.29,,,,,954.78,277.97,5670.63,1857.28,16480.86,4643.53,4059.93,970.21,12.14,10.16,655.95,166.3,0.3,0.22,4728.32,1146.9,9870.94,419.81,4857.34,660.5,1441.61,126.33,344.84,76.6,16514.72,1283.24,59407.41,6028.43,5293.55,439.12,6644.31,898.56,54.9,23.67,344.64,40.41,71744.82,7430.19,7026.46,805.35,6263.3,764.74,106.69,23.46,36.0,15.44,13432.44,1608.99,28822.84,1549.18,151724.0,17662.03,31.52
2562,2019,6,150,8525.3,2291.71,,,,,956.06,269.69,5244.8,1730.58,14726.16,4291.98,3336.93,830.57,10.91,12.18,550.95,138.7,0.6,0.46,3899.39,981.92,8674.71,398.05,4623.79,610.65,1190.57,113.18,290.19,86.68,14779.27,1208.56,37331.47,5237.67,4649.66,388.33,5314.43,760.47,73.12,37.68,395.63,55.85,47764.3,6480.0,6960.16,760.67,6218.64,774.83,117.86,26.02,63.15,33.58,13359.8,1595.1,27439.98,1523.36,121968.89,16080.92,30.68
2562,2019,7,151,9491.41,2641.1,,,,,719.35,204.22,5574.56,1830.1,15785.33,4675.42,3117.59,772.71,9.83,10.53,610.99,149.92,0.15,0.11,3738.56,933.26,8311.0,365.42,4202.35,601.1,2199.05,208.52,321.69,94.49,15034.08,1269.52,38829.33,5172.75,6497.6,498.46,5207.28,732.7,65.6,38.22,461.5,43.46,51061.31,6485.59,7207.47,794.9,7303.67,844.41,119.27,27.49,77.24,35.12,14707.64,1701.92,28101.12,1542.0,128428.02,16607.72,30.7
2562,2019,8,152,8540.32,2372.44,,,,,1127.39,318.95,5820.54,1912.14,15488.25,4603.53,3114.89,787.79,9.71,8.4,624.1,160.02,1.05,0.78,3749.74,956.99,8059.22,389.18,4509.15,685.72,1815.91,182.24,231.63,84.47,14615.91,1341.6,41980.03,5308.16,6913.95,493.58,4268.03,602.82,57.0,26.99,433.83,51.84,53652.84,6483.39,7308.05,802.67,7492.06,868.68,106.4,26.05,72.63,30.42,14979.13,1727.83,23779.48,1357.79,126265.34,16471.13,30.6
2562,2019,9,153,8309.82,2245.85,,,,,1315.09,362.01,6493.89,2147.29,16118.8,4755.15,2670.78,629.66,13.51,11.96,610.62,161.62,0.5,0.36,3295.4,803.59,8233.53,372.52,4356.85,665.56,1207.91,106.18,240.11,79.12,14038.4,1223.39,47076.24,5930.78,5188.81,367.62,4470.59,665.06,82.29,46.4,260.54,33.55,57078.46,7043.41,7417.35,844.1,7955.48,935.72,732.67,89.82,101.55,38.43,16207.06,1908.07,19608.94,1229.79,126347.06,16963.4,30.59
2562,2019,10,154,9922.3,2593.21,,,,,1841.68,461.91,7204.16,2373.56,18968.13,5428.68,3646.9,789.35,19.63,16.62,576.14,155.85,0.3,0.22,4242.96,962.04,11328.89,497.05,5462.41,771.7,2666.71,221.4,298.2,80.9,19756.2,1571.05,50932.89,6270.82,5046.69,388.53,4748.98,638.16,53.91,23.04,429.61,53.81,61212.07,7374.37,7836.69,918.01,7878.65,936.57,1061.37,135.81,79.58,33.45,16856.3,2023.84,21082.24,1235.76,142117.9,18595.74,30.18
2562,2019,11,155,10019.57,2593.17,,,,,1326.65,366.15,6568.02,2117.03,17914.24,5076.35,4002.57,773.88,94.91,20.05,634.46,177.04,0.6,0.5,4732.54,971.47,10197.35,420.36,5026.13,713.08,2600.55,213.49,263.47,75.42,18087.5,1422.35,46134.66,5716.72,4632.08,355.9,4573.43,591.12,84.26,41.12,663.27,71.37,56087.7,6776.23,6798.08,732.21,7513.96,901.82,68.48,15.2,102.59,26.51,14483.11,1675.74,21096.92,1240.08,132402.01,17162.22,30.19
2562,2019,12,156,8448.16,2091.08,,,,,1228.98,315.69,4521.35,1435.41,14198.49,3842.18,3665.55,669.68,62.65,13.23,752.74,189.03,0.3,0.24,4481.24,872.18,11682.71,497.52,4258.86,586.29,1771.08,164.78,245.65,68.27,17958.29,1316.86,41321.92,4900.19,4233.86,298.66,3445.68,484.98,77.58,36.76,296.15,45.22,49375.19,5765.81,6340.53,702.74,7844.76,941.6,88.98,20.64,53.74,15.01,14328.02,1679.98,21302.07,1223.87,121643.29,14700.88,29.76
2563,2020,1,157,6837.73,1480.37,,,,,454.58,121.82,3946.24,1279.93,11238.55,2882.12,2881.01,621.47,61.85,13.17,513.1,136.64,0.0,0.0,3455.95,771.28,9982.53,345.79,4844.07,612.04,1996.11,163.47,241.19,71.35,17063.91,1192.65,38802.55,4606.42,5292.95,379.99,3891.52,576.87,47.41,23.88,180.78,29.37,48215.2,5616.55,7005.21,804.58,7044.17,806.03,81.77,18.69,39.28,22.29,14170.43,1651.59,23099.79,1249.8,117243.83,13364.0,31.2
2563,2020,2,158,6649.2,1320.16,,,,,357.9,116.57,4467.92,1424.07,11475.03,2860.8,4567.08,952.8,45.18,19.26,548.45,141.84,0.0,0.0,5160.71,1113.9,10834.73,416.26,3942.4,531.79,1416.15,139.23,247.5,74.23,16440.79,1161.5,46837.3,5559.77,4335.05,328.96,3862.5,561.12,48.84,19.04,441.97,47.01,55525.66,6515.9,6957.45,753.57,6645.39,785.86,118.51,23.1,54.96,21.66,13776.31,1584.18,30252.53,1577.98,132631.03,14814.27,31.51
2563,2020,3,159,7546.01,1718.05,,,,,415.41,122.82,4806.94,1623.08,12768.36,3463.95,3308.83,677.75,68.14,20.83,562.96,164.23,0.0,0.0,3939.93,862.81,12663.56,506.13,3859.38,552.47,2961.28,258.67,212.88,54.8,19697.1,1372.07,48014.47,5926.2,5085.06,419.06,4711.81,652.64,76.28,25.49,539.8,69.07,58427.42,7092.46,7209.27,824.91,6334.71,785.33,143.24,39.93,50.31,22.06,13737.52,1672.24,36001.0,1789.04,144571.33,16252.57,32.74
2563,2020,4,160,7480.05,1990.23,,,,,258.5,92.61,4716.67,1722.62,12455.22,3805.47,3917.08,670.62,34.63,34.23,494.15,152.67,0.62,0.53,4446.47,858.06,13789.48,612.66,4506.81,588.81,3800.28,306.15,86.68,24.28,22183.24,1531.9,51619.57,6698.72,6400.02,511.34,5359.7,706.79,62.68,29.23,499.28,79.11,63941.25,8025.18,8330.79,939.21,5478.37,703.72,20.32,6.98,22.64,10.02,13852.13,1659.92,34116.7,1762.07,150995.0,17642.6,32.45
2563,2020,5,161,7403.63,1959.91,,,,,498.31,153.43,4842.15,1695.45,12744.09,3808.79,4301.48,537.72,94.14,19.31,481.54,142.82,0.0,0.0,4877.16,699.85,15168.24,678.05,4062.19,476.94,2570.16,187.83,152.76,55.03,21953.35,1397.84,54581.03,7235.66,5661.28,417.23,5381.12,740.31,69.97,35.83,350.01,52.73,66043.41,8481.75,7209.35,881.06,6002.94,740.28,70.82,7.23,26.78,14.41,13309.9,1642.98,34113.09,1769.91,153040.99,17801.13,31.81
2563,2020,6,162,6524.84,2009.8,,,,,405.62,145.78,4966.49,1704.86,11896.94,3860.44,3901.71,664.43,37.7,16.1,660.32,180.72,0.0,0.0,4599.73,861.24,10664.59,435.43,3717.45,460.52,1772.82,139.71,150.1,56.39,16304.96,1092.05,50979.44,6631.81,5537.24,429.03,5546.07,650.45,71.31,32.74,661.85,97.13,62795.9,7841.16,7978.95,945.88,5943.86,744.92,3883.34,701.71,39.6,12.27,17845.76,2404.79,30265.71,1587.74,143708.99,17647.41,30.9
2563,2020,7,163,6995.18,1935.6,,,,,440.39,141.51,5327.48,1796.59,12763.05,3873.7,2934.11,634.23,11.46,10.27,534.68,120.48,0.0,0.0,3480.25,764.98,9341.7,384.63,4221.05,521.09,2232.35,150.54,143.48,61.72,15938.58,1117.98,47973.83,6088.79,5241.59,380.27,4632.99,567.96,75.01,35.78,902.98,101.74,58826.4,7174.53,7191.78,790.72,5980.12,726.28,3800.26,659.4,50.8,9.2,17022.97,2185.61,24925.95,1427.47,132957.19,16544.27,31.25
2563,2020,8,164,7121.8,1782.96,,,,,295.49,108.77,5522.19,1965.1,12939.48,3856.83,2395.65,563.99,6.44,6.17,651.6,155.28,0.0,0.0,3053.68,725.43,8841.54,383.57,4135.41,542.07,1602.49,155.71,167.08,64.35,14746.52,1145.7,48839.42,6170.28,5968.16,429.06,4058.18,499.87,86.96,38.53,1036.04,106.32,59988.75,7244.05,7706.15,856.93,6239.12,765.88,2960.07,479.63,49.7,13.5,16955.03,2115.94,26939.28,1599.85,134622.74,16687.81,31.07
2563,2020,9,165,7071.62,1725.87,,,,,642.76,220.86,6645.38,2282.41,14359.76,4229.14,2981.02,673.3,10.88,9.74,545.32,151.97,2.78,2.27,3539.99,837.28,9015.54,368.01,4245.75,542.63,1959.76,171.69,173.35,67.61,15394.39,1149.94,48243.24,5944.0,5356.45,389.75,3690.34,480.72,62.95,23.76,1056.2,123.38,58409.18,6961.61,8467.33,956.68,7582.18,935.22,3135.34,510.25,81.12,20.39,19265.97,2422.54,24365.12,1462.37,135334.41,17062.88,31.6
2563,2020,10,166,7010.33,1897.74,,,,,1160.83,363.9,7183.67,2455.2,15354.83,4716.83,3914.21,845.06,24.75,20.08,635.49,174.97,0.0,0.0,4574.45,1040.11,12273.49,543.64,4619.16,623.11,1451.54,138.94,219.82,67.79,18564.0,1373.49,43707.34,5412.87,5959.28,429.22,4077.1,514.33,99.58,45.6,1519.71,156.29,55363.0,6558.32,8455.03,928.85,8500.98,1036.37,4736.45,681.98,50.25,13.89,21742.71,2661.09,27033.43,1551.95,142632.43,17901.79,31.14
2563,2020,11,167,6782.37,1766.23,,,,,991.71,314.23,6238.01,2142.62,14012.1,4223.08,3398.62,585.0,16.78,16.26,775.58,202.03,0.0,0.0,4190.98,803.28,12426.63,516.64,4087.75,565.22,2086.25,182.58,213.71,63.67,18814.34,1328.11,41603.6,5112.79,6500.43,464.12,4675.41,589.06,67.65,27.63,1913.94,167.32,54761.04,6360.92,8317.8,954.55,7604.23,912.05,2205.4,355.07,78.89,17.1,18206.31,2238.78,22473.35,1419.46,132458.1,16373.64,30.28
2563,2020,12,168,5978.9,1524.33,,,,,820.65,282.6,4939.66,1608.42,11739.21,3415.35,3688.71,602.89,12.47,8.79,695.6,171.26,0.0,0.0,4396.79,782.94,11553.93,461.23,3562.47,495.49,2310.79,196.81,206.76,62.15,17633.94,1215.68,37722.47,4570.32,5074.92,343.55,3684.92,478.9,80.81,36.12,1859.45,169.89,48422.58,5598.78,8263.9,935.86,7554.74,901.21,2665.42,407.55,54.57,14.55,18538.63,2259.17,25657.88,1421.33,126389.03,14693.26,30.04
2564,2021,1,169,4861.98,1169.28,,,,,520.19,156.2,4551.33,1498.25,9933.51,2823.74,2708.19,541.05,20.27,16.71,548.04,128.66,0.0,0.0,3276.5,686.42,9245.85,336.24,3711.06,508.04,1279.37,119.69,217.91,68.05,14454.18,1032.03,39019.26,4560.09,5070.47,337.49,3847.76,496.75,57.9,26.97,976.4,92.37,48971.79,5513.66,8116.22,853.33,6348.76,768.46,2457.39,362.61,48.55,15.07,16970.92,1999.46,19231.11,1131.14,112838.0,13186.45,29.86
2564,2021,2,170,5063.56,1262.43,,,,,382.06,138.06,4270.45,1393.95,9716.07,2794.44,2525.19,543.91,14.04,15.17,613.38,156.38,0.0,0.0,3152.61,715.46,10836.13,370.43,3999.25,475.62,1223.9,109.81,227.42,62.32,16286.7,1018.17,37220.03,4372.77,5889.36,385.74,3308.89,446.62,87.94,33.22,686.15,79.36,47192.36,5317.7,8326.7,870.4,6047.91,748.71,1915.65,312.56,42.29,14.49,16332.55,1946.16,27366.62,1525.84,120046.92,13317.76,30.47
2564,2021,3,171,6221.23,1585.19,,,,,792.48,235.03,5366.64,1760.67,12380.35,3580.89,3091.96,731.65,22.24,18.26,653.84,175.48,0.0,0.0,3768.04,925.39,13201.29,448.61,4727.31,593.55,2076.74,167.94,241.11,78.9,20246.45,1289.01,44275.14,5244.88,6816.89,475.74,4911.31,685.71,94.28,38.21,1027.74,107.25,57125.36,6551.79,11196.57,1226.66,6559.76,803.72,2697.46,402.83,21.78,8.56,20475.58,2441.77,31074.57,1747.68,145070.35,16536.53,31.24
2564,2021,4,172,7383.41,1833.17,,,,,986.3,296.58,4742.06,1607.57,13111.77,3737.33,2937.51,740.88,23.63,23.39,568.03,157.02,0.0,0.0,3529.17,921.29,11611.95,395.06,3806.05,529.74,1501.83,127.93,214.98,74.28,17134.81,1127.01,33260.25,4157.81,6014.98,441.04,4586.08,566.31,53.81,24.06,828.59,97.19,44743.71,5286.41,9267.39,1062.39,6662.49,806.45,2830.11,409.5,29.73,10.52,18789.72,2288.87,26778.99,1531.07,124088.17,14891.98,31.14
2564,2021,5,173,7395.52,1896.07,,,,,1087.03,312.43,4666.0,1609.57,13148.55,3818.07,3053.76,747.8,19.16,21.96,568.94,156.8,2.94,2.52,3644.8,929.08,12940.7,518.89,3492.38,511.35,1750.08,142.58,371.03,73.92,18554.18,1246.74,30841.64,3891.66,5645.36,412.74,4164.86,569.17,83.47,42.12,753.21,85.79,41488.54,5001.49,10073.0,1166.47,5625.86,742.61,1995.24,308.42,32.1,13.1,17726.2,2230.59,29291.99,1644.53,123854.26,14870.49,31.19
2564,2021,6,174,7678.63,2243.46,,,,,996.24,307.44,6294.93,2104.76,14969.8,4655.66,3418.13,874.62,21.91,14.45,752.41,215.83,0.0,0.0,4192.45,1104.89,15514.55,674.36,3690.12,554.48,2510.13,200.33,481.77,75.19,22196.57,1504.37,37651.22,4591.1,4663.32,351.3,4491.68,647.23,92.09,49.03,1032.38,114.75,47930.69,5753.41,10795.57,1284.15,5908.65,774.24,2350.79,380.89,31.81,13.84,19086.82,2453.13,35042.52,1975.5,143418.87,17446.96,32.02
2564,2021,7,175,7119.66,2042.36,,,,,909.57,266.18,6456.57,2237.11,14485.8,4545.66,2989.42,752.43,16.85,15.46,660.0,165.69,0.0,0.0,3666.27,933.58,10786.96,406.72,3654.85,551.58,2541.71,206.76,316.34,65.5,17299.86,1230.55,32743.0,4132.78,3359.42,260.31,3820.41,535.61,86.49,47.58,1267.88,137.37,41277.2,5113.64,9251.99,1035.59,6836.36,866.54,1999.24,322.79,80.44,25.27,18168.03,2250.18,31378.35,1820.55,126275.52,15894.17,32.89
2564,2021,8,176,7286.8,1981.11,,,,,875.31,290.64,5422.59,1967.48,13584.7,4239.22,2380.61,658.53,13.5,13.78,462.23,141.24,0.0,0.0,2856.34,813.56,11312.53,452.79,3501.63,535.9,2073.44,177.51,236.39,68.04,17123.98,1234.23,34807.47,4611.39,5104.68,381.65,4973.88,601.66,106.51,67.71,829.59,102.56,45822.12,5764.98,10189.41,1195.62,5738.58,781.09,1927.91,319.34,80.49,12.89,17936.39,2308.95,26420.17,1663.85,123743.71,16024.79,32.22
2564,2021,9,177,7948.49,2524.31,,,,,959.23,338.18,6605.35,2400.83,15513.07,5263.32,2733.54,721.81,15.29,20.51,682.0,199.36,0.0,0.0,3430.83,941.68,11095.53,449.03,5039.04,747.35,1848.84,171.99,213.76,69.69,18197.16,1438.05,33139.13,4379.37,5824.95,427.16,4815.09,610.74,78.54,39.35,654.42,83.99,44512.12,5540.61,10454.24,1287.29,7058.26,905.3,2061.57,372.28,47.3,16.44,19621.37,2581.31,25216.81,1798.71,126491.36,17563.68,33.67
2564,2021,10,178,9040.97,2976.26,,,,,1077.08,373.6,5596.81,2100.99,15714.85,5450.85,3078.15,796.88,8.0,8.89,552.62,173.87,1.5,1.18,3640.27,980.82,11243.88,463.72,4550.99,753.67,1492.39,137.99,207.74,65.79,17495.01,1421.17,37628.43,5128.71,4696.84,373.39,3942.35,620.14,102.61,73.04,1308.22,141.09,47678.45,6336.38,10457.34,1273.86,7980.86,1047.25,1714.08,284.8,47.64,14.21,20199.92,2620.12,28184.62,1819.45,132913.12,18628.79,33.29
2564,2021,11,179,6547.62,2104.73,,,,,813.64,297.08,5627.53,2152.05,12988.79,4553.87,2851.24,687.99,18.54,14.14,750.29,237.55,0.0,0.0,3620.07,939.68,10997.5,406.81,4500.68,739.08,1827.42,165.98,213.2,67.75,17538.8,1379.63,43773.12,5801.39,3787.61,306.48,4106.02,602.41,111.95,56.26,979.82,116.6,52758.53,6883.15,11558.72,1509.67,7821.91,1052.41,2233.01,378.15,95.46,25.87,21709.08,2966.1,31547.28,1948.53,140162.55,18670.96,33.71
2564,2021,12,180,6544.4,2049.48,,,,,597.18,218.66,5732.15,2141.68,12873.73,4409.82,3136.7,759.38,11.08,9.78,635.96,208.24,0.0,0.0,3783.74,977.4,13152.93,495.93,4484.84,721.02,1236.04,130.27,210.6,60.82,19084.41,1408.04,40892.26,5315.64,5262.18,420.61,4218.16,640.14,115.74,66.9,1824.59,193.35,52312.93,6636.63,12526.08,1581.76,8099.47,1084.63,1592.98,286.98,68.34,19.28,22286.86,2972.66,28262.84,1782.42,138604.51,18186.98,33.23
2565,2022,1,181,5061.5,1601.2,,,,,200.37,82.53,4642.37,1762.01,9904.23,3445.74,3330.31,814.31,7.96,5.72,734.26,219.88,0.0,0.0,4072.53,1039.92,12409.81,511.05,3605.71,613.3,1237.63,110.07,218.29,72.43,17471.44,1306.86,35301.67,4715.27,4250.37,352.65,4298.87,664.22,35.8,18.57,883.91,102.95,44770.61,5853.67,11139.86,1438.28,6228.77,818.03,1574.97,264.34,45.25,14.35,18988.85,2534.99,29304.41,1803.02,124512.07,15984.2,33.22
2565,2022,2,182,4573.27,1377.36,,,,,288.68,113.66,5360.16,2046.91,10222.11,3537.93,2931.3,800.81,11.01,10.08,562.61,167.77,0.0,0.0,3504.91,978.66,11036.04,470.48,3777.11,634.98,1548.19,133.72,214.63,66.92,16575.96,1306.09,40308.11,5401.81,3734.25,344.75,4512.81,718.51,62.93,39.5,874.76,93.17,49492.86,6597.74,11893.38,1529.21,7111.34,937.42,3328.31,587.21,71.97,28.22,22405.0,3082.06,34425.38,2116.88,136626.22,17619.38,32.67
2565,2022,3,183,6925.8,2000.66,,,,,310.93,118.17,5271.29,1951.35,12508.02,4070.18,3592.66,951.37,64.61,16.1,668.3,200.16,0.0,0.0,4325.57,1167.64,13929.01,571.16,4405.88,738.35,2102.63,157.26,233.13,82.38,20670.65,1549.16,44123.93,5930.1,4854.13,408.8,3915.36,570.91,43.45,25.76,1084.33,117.9,54021.19,7053.47,13780.51,1784.92,6957.36,952.52,2890.71,481.58,57.34,19.06,23685.92,3238.08,37887.37,2155.02,153098.72,19233.55,33.28
2565,2022,4,184,6601.08,1917.6,,,,,166.4,68.52,5173.12,2010.13,11940.59,3996.25,3464.98,987.84,15.21,12.46,509.01,151.04,0.0,0.0,3989.2,1151.34,10877.41,444.63,3713.09,684.58,1992.2,150.55,194.93,67.67,16777.63,1347.43,36317.51,5083.56,5431.43,448.04,3895.23,587.1,34.44,21.97,930.01,113.56,46608.61,6254.24,12110.97,1529.14,6244.6,873.45,2655.01,491.06,62.19,17.82,21072.76,2911.46,28567.5,1705.67,128956.29,17366.38,34.24
2565,2022,5,185,7155.48,2096.12,,,,,150.97,76.37,5791.33,2173.4,13097.78,4345.88,3335.27,933.18,11.85,14.6,495.26,157.7,0.0,0.0,3842.38,1105.48,11230.94,547.24,3168.52,526.81,929.3,105.08,202.67,76.17,15531.43,1255.3,43984.54,6402.73,4534.37,389.09,4300.43,667.59,50.84,39.16,886.36,104.68,53756.54,7603.25,11923.17,1440.39,6275.67,912.11,1874.87,353.84,61.62,17.85,20135.32,2724.19,28396.09,1697.89,134759.53,18732.0,34.3
2565,2022,6,186,8749.57,2432.05,,,,,170.69,81.12,6248.37,2366.47,15168.63,4879.64,3227.27,927.43,7.18,8.11,736.67,235.66,0.0,0.0,3971.12,1171.2,11480.88,529.32,3933.85,678.4,1549.96,142.28,220.82,71.46,17185.51,1421.46,41987.55,6271.2,5510.5,470.96,3966.29,636.8,74.97,55.24,959.75,108.5,52499.06,7542.7,11381.43,1557.9,6398.48,959.06,2793.27,551.06,48.88,17.31,20622.06,3085.33,29293.95,1882.61,138740.34,19982.94,35.3
2565,2022,7,187,7057.83,2256.95,,,,,193.77,84.8,4929.38,2046.52,12180.98,4388.26,3007.66,871.4,60.02,12.69,593.55,193.94,0.0,0.0,3661.23,1078.03,11357.85,559.4,4032.94,717.41,1795.63,149.97,217.57,63.33,17403.98,1490.11,39604.94,6321.93,4968.66,448.78,3904.84,648.54,57.28,40.94,900.54,119.54,49436.26,7579.74,10381.31,1438.57,6792.17,1017.96,2712.35,553.57,33.78,13.97,19919.61,3024.08,30272.31,1888.57,132874.36,19448.78,36.29
2565,2022,8,188,7234.4,2511.6,,,,,256.57,115.92,5190.62,2217.48,12681.59,4845.0,2820.75,825.29,55.17,10.11,573.15,195.29,0.0,0.0,3449.06,1030.69,10031.3,482.45,4668.48,823.42,1944.31,162.87,210.03,78.15,16854.12,1546.89,41138.94,6835.02,4875.12,455.75,3657.54,613.89,29.04,21.83,1106.79,139.64,50807.43,8066.12,11281.13,1607.48,6600.1,1038.35,1926.93,407.21,56.59,23.62,19864.75,3076.66,30946.55,1937.96,134603.49,20503.32,36.52
2565,2022,9,189,8086.06,2898.06,,,,,423.95,200.51,5960.76,2477.53,14470.77,5576.1,3304.71,979.91,14.49,20.16,676.77,223.01,1.91,2.05,3997.89,1225.13,8665.45,383.2,4623.84,892.43,2287.55,166.33,205.75,77.07,15782.59,1519.03,40719.87,6675.09,4585.5,462.49,2997.95,500.54,37.19,25.62,981.51,128.32,49322.02,7792.06,11050.81,1518.56,7659.07,1176.49,2613.74,555.17,47.72,9.9,21371.34,3260.12,26990.26,1932.21,131934.86,21304.65,37.77
2565,2022,10,190,7809.3,2787.11,,,,,239.04,123.62,5335.01,2154.38,13383.35,5065.11,2999.16,873.39,30.44,5.48,559.47,187.26,0.0,0.0,3589.06,1066.12,7622.98,329.29,3608.73,676.02,1950.78,154.64,199.07,70.24,13381.56,1230.19,35814.68,6032.12,4648.27,468.21,3511.21,553.98,27.67,13.88,1224.89,158.52,45226.72,7226.72,9605.87,1440.22,7603.8,1193.65,2237.19,445.46,44.01,15.96,19490.87,3095.28,28198.12,1907.39,123269.68,19590.81,38.05
2565,2022,11,191,7074.08,2575.31,,,,,267.36,127.96,5104.04,2159.66,12445.48,4862.93,2634.99,726.67,68.55,28.46,559.34,194.67,0.0,0.0,3262.88,949.79,11076.65,573.63,3881.19,793.51,1924.14,168.67,232.95,81.18,17114.93,1616.98,40102.59,6888.1,3564.49,339.93,3073.27,572.67,67.48,47.04,1187.91,187.69,47995.74,8035.43,9134.66,1308.59,6671.28,1130.91,2253.52,509.83,40.53,19.21,18099.99,2968.54,28462.71,1966.67,127381.72,20400.35,35.11
2565,2022,12,192,5428.07,1838.13,,,,,262.38,127.76,4010.96,1624.45,9701.41,3590.33,3339.41,882.38,10.25,8.67,505.96,148.2,0.83,0.89,3856.45,1040.14,8732.24,378.05,3316.19,671.84,1122.32,127.15,545.57,64.48,13716.32,1241.52,44819.45,7073.05,4208.09,386.97,3071.48,505.53,52.25,31.54,1152.42,147.18,53303.69,8144.26,10079.79,1469.4,7047.91,1067.1,2986.86,578.58,34.74,11.3,20149.29,3126.38,25191.11,1775.32,125918.28,18917.96,34.61
2566,2023,1,193,3539.19,1143.84,,,0.0,0.0,67.48,31.54,3582.24,1448.74,7188.92,2624.11,2643.12,620.82,1.3,1.1,539.58,153.94,0.0,0.0,3184.0,775.86,8761.14,343.37,2572.65,490.67,1621.07,137.33,197.46,64.06,13152.32,1035.44,30975.6,4879.72,4731.97,401.64,3307.75,515.29,47.96,27.91,795.51,102.04,39858.8,5926.6,6989.25,966.19,5610.33,785.73,2451.67,493.6,41.54,16.34,15092.78,2261.86,24887.08,1607.3,103363.9,14231.17,32.84
2566,2023,2,194,4894.75,1567.74,,,0.0,0.0,220.6,84.65,3463.0,1296.71,8578.34,2949.1,2852.46,740.59,37.01,15.21,502.41,146.27,0.0,0.0,3391.88,902.06,8927.59,341.98,3122.93,540.1,1417.21,136.35,217.44,71.36,13685.17,1089.79,38209.55,5606.69,3579.44,308.58,3099.39,482.06,40.73,24.81,1111.35,131.13,46040.45,6553.28,7584.46,1039.14,6596.1,929.32,2334.08,433.71,50.8,22.36,16565.44,2424.52,29979.52,1872.12,118240.8,15790.87,35.22
2566,2023,3,195,6629.05,2071.45,,,0.0,0.0,266.37,108.32,4317.94,1702.25,11213.35,3882.03,4404.6,1144.23,9.44,9.68,531.63,176.05,0.0,0.0,4945.67,1329.97,9370.32,349.19,3547.92,609.03,1195.15,120.72,198.9,80.58,14312.3,1159.51,37693.66,5828.9,5061.39,453.55,3369.27,581.47,41.87,26.46,1000.89,121.96,47167.09,7012.34,7368.25,1078.74,7248.76,1082.39,2927.91,512.77,38.65,11.33,17583.57,2685.24,35720.19,2278.74,130942.16,18347.82,34.16
2566,2023,4,196,7241.75,2273.27,,,0.15,0.02,205.14,91.38,3394.38,1317.4,10841.41,3682.07,3086.07,859.22,34.07,11.6,457.15,144.86,0.0,0.0,3577.28,1015.68,6961.15,329.87,2775.95,483.72,976.58,91.55,229.46,86.56,10943.14,991.7,28786.49,4534.82,4408.32,387.62,3072.48,452.29,38.13,25.72,1156.53,127.11,37461.94,5527.55,5641.38,756.91,5593.1,851.44,2383.69,445.11,28.6,9.46,13646.77,2062.92,28670.5,1725.91,105141.04,15005.84,34.12
2566,2023,5,197,7958.23,2564.89,,,0.0,0.0,311.56,124.95,4959.7,1900.19,13229.49,4590.02,3731.06,993.5,12.69,17.0,596.64,167.01,0.0,0.0,4340.39,1177.51,9670.16,446.06,2695.09,530.87,1740.3,163.83,246.36,81.66,14351.91,1222.42,36273.47,5840.51,4326.94,395.32,3348.43,482.97,46.92,22.96,750.12,103.61,44745.88,6845.36,7546.51,1043.41,6609.92,972.19,3160.11,633.85,49.58,14.56,17366.12,2664.01,33325.03,2100.86,127358.82,18600.18,34.64
2566,2023,6,198,7737.24,2303.99,,,0.0,0.0,325.63,136.73,4885.96,1776.35,12948.82,4217.08,3272.87,891.47,11.79,14.79,550.12,179.33,2.1,1.8,3836.88,1087.39,9094.02,455.13,3441.86,621.62,907.44,113.52,236.12,70.02,13679.45,1260.29,31497.08,5130.39,5475.78,498.25,2975.38,456.24,47.89,27.34,1240.86,148.6,41236.99,6260.81,10007.91,1437.74,6886.37,1051.24,2166.77,450.25,45.47,18.65,19106.52,2957.87,31923.31,2052.88,122731.96,17836.32,35.27
2566,2023,7,199,6480.4,1842.63,,,0.0,0.0,270.52,102.21,4873.78,1787.11,11624.71,3731.95,2844.88,743.15,15.95,19.38,519.38,159.27,0.0,0.0,3380.21,921.8,8827.88,417.83,3207.26,542.45,1514.71,146.77,201.42,74.78,13751.27,1181.82,33120.6,5427.1,5009.08,453.65,2681.95,427.13,56.28,35.28,701.54,107.74,41569.46,6450.91,9956.58,1510.92,7333.38,1078.28,1355.42,263.96,50.82,14.69,18696.2,2867.84,38123.27,2489.8,127145.11,17644.12,34.21
2566,2023,8,200,7179.05,1971.83,,,0.0,0.0,320.44,123.01,5478.98,1976.06,12978.47,4070.91,2331.4,641.5,4.35,3.28,568.97,184.03,4.41,1.32,2909.13,830.14,10056.85,497.95,3872.03,690.89,1277.63,108.15,148.61,68.52,15355.12,1365.51,31662.84,5041.24,4589.43,433.66,2910.16,452.98,42.95,25.71,1197.17,155.35,40402.54,6108.95,10783.36,1540.94,7332.41,1150.87,3175.39,614.23,56.27,17.08,21347.42,3323.11,32476.04,2244.66,125468.73,17943.28,34.98
2566,2023,9,201,7149.92,2082.38,,,0.0,0.0,606.77,223.52,5497.48,1995.59,13254.18,4301.49,2589.9,691.52,6.95,6.21,387.59,138.38,0.5,0.46,2984.94,836.56,9101.65,419.21,3481.65,619.31,2168.21,182.58,162.64,76.04,14914.15,1297.14,34050.12,5630.78,4021.92,360.84,3140.54,509.91,40.79,28.32,1652.27,167.07,42905.64,6696.91,10821.1,1705.7,7727.94,1162.91,2383.18,499.16,50.82,16.88,20983.04,3384.64,34167.1,2394.17,129209.04,18910.92,36.51
2566,2023,10,202,7305.65,2208.83,,,0.0,0.0,372.33,165.28,4810.82,1840.17,12488.8,4214.28,3557.2,858.69,12.44,15.55,579.28,196.91,0.0,0.0,4148.92,1071.15,11425.06,612.0,3681.53,626.74,1927.02,168.74,212.9,72.1,17246.51,1479.57,33952.72,5668.99,5395.3,490.03,2673.48,461.22,45.88,29.92,1236.67,154.04,43304.05,6804.2,12664.11,1968.08,7275.54,1037.57,1998.88,377.94,35.37,13.66,21973.9,3397.26,30616.67,2197.96,129778.85,19164.41,36.14
2566,2023,11,203,7004.33,2126.53,,,0.0,0.0,553.31,207.46,4640.08,1773.36,12197.72,4107.36,2510.78,614.62,31.03,8.64,379.16,133.5,0.0,0.0,2920.97,756.76,10192.83,479.94,4157.12,718.35,1367.62,150.99,189.33,66.24,15906.9,1415.52,42484.17,6971.57,4164.75,384.68,2561.4,421.37,49.9,35.26,2211.92,246.22,51472.15,8059.1,12570.47,1974.45,8166.55,1258.91,2457.36,508.31,84.77,17.54,23279.16,3759.21,30057.17,2231.59,135834.07,20329.53,35.31
2566,2023,12,204,6693.39,1883.29,,,0.0,0.0,423.35,166.22,3636.28,1317.01,10753.02,3366.52,2834.5,610.86,8.62,8.61,430.15,139.05,0.0,0.0,3273.27,758.52,10234.37,454.12,3427.82,602.96,706.26,99.44,173.28,61.31,14541.72,1217.83,36996.63,5816.4,4657.55,406.79,2922.5,486.51,55.3,42.1,1392.14,156.03,46024.11,6907.83,13642.02,2073.93,7085.8,1064.56,2082.45,381.76,36.65,10.57,22846.92,3530.82,24083.21,1699.57,121522.24,17481.09,34.35
2567,2024,1,205,6587.37,1771.76,,,,,385.14,137.35,3054.57,1099.79,10027.08,3008.9,3631.4,812.3,65.22,21.21,437.08,133.0,4.01,2.4,4137.71,968.92,13717.35,626.22,3729.41,614.06,1483.44,153.89,254.73,72.48,19184.92,1466.65,37686.5,5705.91,3860.29,349.2,2989.04,472.08,45.75,27.1,735.95,97.42,45317.53,6651.71,11440.11,1822.68,5878.23,868.53,2694.91,511.09,46.82,15.55,20060.07,3217.86,28790.59,1822.57,127517.89,17136.61,35.53
2567,2024,2,206,6572.34,1800.2,,,,,387.18,123.58,3489.97,1302.56,10449.5,3226.34,3452.68,810.06,6.61,7.64,326.77,100.95,0.35,0.31,3786.41,918.96,11812.13,541.78,3266.57,547.05,759.74,104.15,208.49,71.32,16046.93,1264.29,44953.27,6990.26,4936.48,425.32,3604.18,537.86,49.47,30.54,856.49,106.87,54399.9,8090.85,12629.88,1997.99,6487.81,972.51,2640.07,486.71,52.57,20.14,21810.34,3477.35,34784.78,2265.82,141277.85,19243.61,35.88
2567,2024,3,207,7784.0,2110.08,,,,,453.94,166.27,4192.72,1594.71,12430.66,3871.06,4219.33,1090.91,36.01,14.24,427.91,150.68,0.0,0.0,4683.25,1255.84,15355.59,811.77,4444.54,606.76,645.33,106.41,259.62,90.7,20705.09,1615.64,42666.46,6758.08,5485.74,472.76,3575.33,550.87,52.56,35.24,890.44,111.48,52670.52,7928.44,14618.47,2282.82,6578.26,989.67,2876.14,508.59,74.66,23.18,24147.54,3804.26,43023.79,2745.18,157660.84,21220.4,36.37
2567,2024,4,208,7228.05,1807.62,,,,,429.92,155.54,3836.22,1482.03,11494.19,3445.18,3966.95,879.53,32.94,12.06,377.46,115.89,3.51,2.11,4380.86,1009.59,9774.66,501.61,3495.06,557.83,648.22,103.84,276.03,86.34,14193.97,1249.63,37415.02,5918.59,3974.1,364.06,2974.03,469.77,50.36,29.94,682.17,84.64,45095.67,6867.0,12977.26,2037.96,6489.86,987.7,3182.36,574.8,34.65,10.66,22684.13,3611.12,36401.7,2323.81,134250.51,18506.32,37.18
2567,2024,5,209,6760.43,1783.79,,,,,482.33,180.74,4391.29,1652.92,11634.04,3617.46,3558.6,849.53,62.78,18.85,508.37,150.15,2.0,2.38,4131.75,1020.91,12098.14,681.28,4008.94,636.01,855.34,102.96,262.51,86.62,17224.94,1506.88,44422.3,6991.14,3909.01,369.58,2732.91,461.0,77.43,52.22,685.93,96.21,51827.58,7970.16,15586.42,2532.38,6825.91,1029.25,2504.35,440.98,51.96,20.08,24968.65,4022.69,41296.64,2650.03,151083.58,20788.13,36.77
2567,2024,6,210,5302.31,1583.3,,,,,388.75,146.32,3990.4,1525.46,9681.46,3255.07,2930.0,754.54,37.5,17.75,309.66,108.2,6.5,1.95,3283.66,882.45,10384.8,542.2,3329.32,511.83,539.69,90.21,294.96,88.04,14548.77,1232.28,41077.44,6245.24,4087.75,387.04,2484.41,395.93,53.41,31.71,766.63,115.01,48469.64,7174.94,13205.68,2149.62,7259.29,1107.07,1900.73,320.01,47.56,17.9,22413.26,3594.6,39006.0,2545.47,137402.78,18684.82,36.76
2567,2024,7,211,5634.18,1613.47,,,,,426.64,161.92,4385.64,1602.04,10446.46,3377.43,2863.48,716.92,10.7,12.33,486.44,161.23,0.0,0.0,3360.62,890.49,9178.05,394.34,3550.93,602.85,943.32,122.64,273.92,81.88,13946.23,1201.71,50607.45,7759.84,4841.7,458.26,3450.39,529.78,65.66,34.75,1104.19,134.31,60069.4,8916.94,15932.88,2671.62,8128.89,1171.1,3166.55,578.89,47.52,16.89,27275.83,4438.5,43541.17,2823.24,158639.7,21648.31,35.53
2567,2024,8,212,6429.62,1920.28,,,,,435.33,162.23,5019.32,1837.71,11884.27,3920.22,2749.73,711.96,10.07,12.77,494.56,171.49,5.16,1.55,3259.52,897.76,10837.6,519.18,5024.93,841.01,1201.91,124.24,262.13,81.95,17326.57,1566.39,53349.16,8049.47,5048.43,470.3,3537.54,552.64,66.73,39.43,986.33,127.62,62988.19,9239.46,16364.0,2746.61,7622.64,1118.56,2289.49,423.15,30.02,12.81,26306.15,4301.14,35812.09,2436.04,157576.79,22361.02,33.92
2567,2024,9,213,7165.7,2108.28,,,,,388.73,141.88,4927.59,1774.82,12482.01,4024.98,2311.87,580.94,1.39,1.43,431.0,150.0,0.0,0.0,2744.26,732.37,9200.79,447.25,3808.2,585.76,876.83,92.35,271.32,82.06,14157.14,1207.42,50518.79,7292.61,5304.86,479.1,3607.68,511.79,74.51,38.74,1383.3,152.73,60889.15,8474.98,15802.3,2479.05,7703.66,1101.23,2424.72,420.82,39.99,16.79,25970.68,4017.89,28963.68,2087.97,145206.9,20545.61,32.39
2567,2024,10,214,6624.01,1936.59,,,,,550.74,194.17,5677.56,1952.57,12852.3,4083.34,2760.49,597.31,11.56,13.73,436.51,147.96,0.05,0.07,3208.61,759.07,10564.32,521.7,4130.67,673.13,1947.41,163.82,279.53,81.03,16921.92,1439.68,51974.63,7169.89,4808.39,400.06,3412.86,515.16,61.42,35.04,1276.17,151.12,61533.46,8271.28,15852.02,2385.78,8690.14,1266.24,2239.76,366.93,56.85,11.77,26838.76,4030.72,29804.25,1943.11,151159.31,20527.19,33.79
2567,2024,11,215,6550.79,1831.65,,,,,461.4,147.62,5065.89,1758.98,12078.08,3738.26,3386.93,765.44,20.86,27.02,406.98,149.7,0.0,0.0,3814.77,942.16,11423.72,551.18,3891.95,627.79,1159.02,116.51,272.19,79.6,16746.88,1375.08,47767.25,6594.52,4967.61,422.52,3217.0,476.96,60.94,35.68,1588.08,160.6,57600.88,7690.29,15549.26,2361.84,7902.47,1127.27,2725.74,422.48,32.95,13.05,26210.41,3924.65,30522.72,1986.72,146973.74,19657.15,34.27
2567,2024,12,216,6691.38,2050.22,,,,,291.33,126.53,4331.07,1579.65,11313.78,3756.4,3182.91,745.03,11.26,12.31,480.96,170.06,0.0,0.0,3675.13,927.41,14190.1,658.47,3098.07,494.75,1002.45,109.69,306.53,74.49,18597.15,1337.4,46214.74,6774.11,4498.4,389.57,3351.46,534.14,51.24,31.5,1492.05,165.82,55607.88,7895.14,14834.77,2283.04,7129.5,1048.18,2180.0,363.15,30.22,11.43,24174.49,3705.81,35227.52,2120.29,148595.94,19742.45,34.26
